<?xml version="1.0" encoding="UTF-8"?>
<mxfile host="www.draw.io" modified="2019-12-19T00:20:18.227Z" agent="Mozilla/5.0 (Windows NT 10.0; Win64; x64; rv:71.0) Gecko/20100101 Firefox/71.0" etag="8yEwAMKfkUdSZ49FrMRr" version="12.4.3" type="device" pages="1">
  <diagram id="3L9feCONl3cJnmjVRzlp" name="Page-1">
    <mxGraphModel dx="1264" dy="561" grid="1" gridSize="10" guides="1" tooltips="1" connect="1" arrows="1" fold="1" page="1" pageScale="1" pageWidth="850" pageHeight="1100" math="0" shadow="0">
      <root>
        <mxCell id="0"/>
        <mxCell id="1" parent="0"/>
        <mxCell id="AW75aSy7uPwsYGtdvkdC-1" value="start" style="ellipse;whiteSpace=wrap;html=1;aspect=fixed;" vertex="1" parent="1">
          <mxGeometry x="360" y="40" width="80" height="80" as="geometry"/>
        </mxCell>
        <mxCell id="AW75aSy7uPwsYGtdvkdC-2" value="" style="ellipse;whiteSpace=wrap;html=1;aspect=fixed;" vertex="1" parent="1">
          <mxGeometry x="120" y="440" width="80" height="80" as="geometry"/>
        </mxCell>
        <mxCell id="AW75aSy7uPwsYGtdvkdC-3" value="" style="ellipse;whiteSpace=wrap;html=1;aspect=fixed;" vertex="1" parent="1">
          <mxGeometry x="120" y="320" width="80" height="80" as="geometry"/>
        </mxCell>
        <mxCell id="AW75aSy7uPwsYGtdvkdC-4" value="" style="ellipse;whiteSpace=wrap;html=1;aspect=fixed;" vertex="1" parent="1">
          <mxGeometry x="120" y="200" width="80" height="80" as="geometry"/>
        </mxCell>
        <mxCell id="AW75aSy7uPwsYGtdvkdC-5" value="ending" style="ellipse;whiteSpace=wrap;html=1;aspect=fixed;" vertex="1" parent="1">
          <mxGeometry x="120" y="560" width="80" height="80" as="geometry"/>
        </mxCell>
        <mxCell id="AW75aSy7uPwsYGtdvkdC-6" value="" style="ellipse;whiteSpace=wrap;html=1;aspect=fixed;" vertex="1" parent="1">
          <mxGeometry x="240" y="440" width="80" height="80" as="geometry"/>
        </mxCell>
        <mxCell id="AW75aSy7uPwsYGtdvkdC-7" value="" style="ellipse;whiteSpace=wrap;html=1;aspect=fixed;" vertex="1" parent="1">
          <mxGeometry x="240" y="320" width="80" height="80" as="geometry"/>
        </mxCell>
        <mxCell id="AW75aSy7uPwsYGtdvkdC-8" value="" style="ellipse;whiteSpace=wrap;html=1;aspect=fixed;" vertex="1" parent="1">
          <mxGeometry x="240" y="200" width="80" height="80" as="geometry"/>
        </mxCell>
        <mxCell id="AW75aSy7uPwsYGtdvkdC-9" value="" style="ellipse;whiteSpace=wrap;html=1;aspect=fixed;" vertex="1" parent="1">
          <mxGeometry x="480" y="200" width="80" height="80" as="geometry"/>
        </mxCell>
        <mxCell id="AW75aSy7uPwsYGtdvkdC-10" value="" style="ellipse;whiteSpace=wrap;html=1;aspect=fixed;" vertex="1" parent="1">
          <mxGeometry x="480" y="320" width="80" height="80" as="geometry"/>
        </mxCell>
        <mxCell id="AW75aSy7uPwsYGtdvkdC-11" value="" style="ellipse;whiteSpace=wrap;html=1;aspect=fixed;" vertex="1" parent="1">
          <mxGeometry x="480" y="440" width="80" height="80" as="geometry"/>
        </mxCell>
        <mxCell id="AW75aSy7uPwsYGtdvkdC-12" value="ending" style="ellipse;whiteSpace=wrap;html=1;aspect=fixed;" vertex="1" parent="1">
          <mxGeometry x="480" y="560" width="80" height="80" as="geometry"/>
        </mxCell>
        <mxCell id="AW75aSy7uPwsYGtdvkdC-13" value="ending" style="ellipse;whiteSpace=wrap;html=1;aspect=fixed;" vertex="1" parent="1">
          <mxGeometry x="240" y="560" width="80" height="80" as="geometry"/>
        </mxCell>
        <mxCell id="AW75aSy7uPwsYGtdvkdC-14" value="" style="ellipse;whiteSpace=wrap;html=1;aspect=fixed;" vertex="1" parent="1">
          <mxGeometry x="600" y="440" width="80" height="80" as="geometry"/>
        </mxCell>
        <mxCell id="AW75aSy7uPwsYGtdvkdC-15" value="" style="ellipse;whiteSpace=wrap;html=1;aspect=fixed;" vertex="1" parent="1">
          <mxGeometry x="600" y="320" width="80" height="80" as="geometry"/>
        </mxCell>
        <mxCell id="AW75aSy7uPwsYGtdvkdC-16" value="" style="ellipse;whiteSpace=wrap;html=1;aspect=fixed;" vertex="1" parent="1">
          <mxGeometry x="600" y="200" width="80" height="80" as="geometry"/>
        </mxCell>
        <mxCell id="AW75aSy7uPwsYGtdvkdC-17" value="ending" style="ellipse;whiteSpace=wrap;html=1;aspect=fixed;" vertex="1" parent="1">
          <mxGeometry x="600" y="560" width="80" height="80" as="geometry"/>
        </mxCell>
        <mxCell id="AW75aSy7uPwsYGtdvkdC-18" value="" style="endArrow=classic;html=1;exitX=0;exitY=1;exitDx=0;exitDy=0;entryX=1;entryY=0;entryDx=0;entryDy=0;" edge="1" parent="1" source="AW75aSy7uPwsYGtdvkdC-1" target="AW75aSy7uPwsYGtdvkdC-8">
          <mxGeometry width="50" height="50" relative="1" as="geometry">
            <mxPoint x="210" y="160" as="sourcePoint"/>
            <mxPoint x="260" y="110" as="targetPoint"/>
          </mxGeometry>
        </mxCell>
        <mxCell id="AW75aSy7uPwsYGtdvkdC-19" value="" style="endArrow=classic;html=1;exitX=0;exitY=1;exitDx=0;exitDy=0;entryX=1;entryY=0;entryDx=0;entryDy=0;" edge="1" parent="1" source="AW75aSy7uPwsYGtdvkdC-1" target="AW75aSy7uPwsYGtdvkdC-4">
          <mxGeometry width="50" height="50" relative="1" as="geometry">
            <mxPoint x="200" y="150" as="sourcePoint"/>
            <mxPoint x="250" y="100" as="targetPoint"/>
          </mxGeometry>
        </mxCell>
        <mxCell id="AW75aSy7uPwsYGtdvkdC-20" value="" style="endArrow=classic;html=1;exitX=0.5;exitY=1;exitDx=0;exitDy=0;entryX=0.5;entryY=0;entryDx=0;entryDy=0;" edge="1" parent="1" source="AW75aSy7uPwsYGtdvkdC-4" target="AW75aSy7uPwsYGtdvkdC-3">
          <mxGeometry width="50" height="50" relative="1" as="geometry">
            <mxPoint x="20" y="340" as="sourcePoint"/>
            <mxPoint x="70" y="290" as="targetPoint"/>
          </mxGeometry>
        </mxCell>
        <mxCell id="AW75aSy7uPwsYGtdvkdC-21" value="" style="endArrow=classic;html=1;exitX=0.5;exitY=1;exitDx=0;exitDy=0;entryX=0.5;entryY=0;entryDx=0;entryDy=0;" edge="1" parent="1" source="AW75aSy7uPwsYGtdvkdC-8" target="AW75aSy7uPwsYGtdvkdC-7">
          <mxGeometry width="50" height="50" relative="1" as="geometry">
            <mxPoint x="360" y="330" as="sourcePoint"/>
            <mxPoint x="410" y="280" as="targetPoint"/>
          </mxGeometry>
        </mxCell>
        <mxCell id="AW75aSy7uPwsYGtdvkdC-22" value="" style="endArrow=classic;html=1;exitX=0.5;exitY=1;exitDx=0;exitDy=0;entryX=0.5;entryY=0;entryDx=0;entryDy=0;" edge="1" parent="1" source="AW75aSy7uPwsYGtdvkdC-3" target="AW75aSy7uPwsYGtdvkdC-2">
          <mxGeometry width="50" height="50" relative="1" as="geometry">
            <mxPoint x="200" y="450" as="sourcePoint"/>
            <mxPoint x="250" y="400" as="targetPoint"/>
          </mxGeometry>
        </mxCell>
        <mxCell id="AW75aSy7uPwsYGtdvkdC-23" value="" style="endArrow=classic;html=1;exitX=0.5;exitY=1;exitDx=0;exitDy=0;entryX=0.5;entryY=0;entryDx=0;entryDy=0;" edge="1" parent="1" source="AW75aSy7uPwsYGtdvkdC-7" target="AW75aSy7uPwsYGtdvkdC-6">
          <mxGeometry width="50" height="50" relative="1" as="geometry">
            <mxPoint x="370" y="450" as="sourcePoint"/>
            <mxPoint x="420" y="400" as="targetPoint"/>
          </mxGeometry>
        </mxCell>
        <mxCell id="AW75aSy7uPwsYGtdvkdC-24" value="" style="endArrow=classic;html=1;exitX=0.5;exitY=1;exitDx=0;exitDy=0;entryX=0.5;entryY=0;entryDx=0;entryDy=0;" edge="1" parent="1" source="AW75aSy7uPwsYGtdvkdC-2" target="AW75aSy7uPwsYGtdvkdC-5">
          <mxGeometry width="50" height="50" relative="1" as="geometry">
            <mxPoint x="40" y="560" as="sourcePoint"/>
            <mxPoint x="90" y="510" as="targetPoint"/>
          </mxGeometry>
        </mxCell>
        <mxCell id="AW75aSy7uPwsYGtdvkdC-25" value="" style="endArrow=classic;html=1;exitX=0.5;exitY=1;exitDx=0;exitDy=0;entryX=0.5;entryY=0;entryDx=0;entryDy=0;" edge="1" parent="1" source="AW75aSy7uPwsYGtdvkdC-6" target="AW75aSy7uPwsYGtdvkdC-13">
          <mxGeometry width="50" height="50" relative="1" as="geometry">
            <mxPoint x="290" y="410" as="sourcePoint"/>
            <mxPoint x="290" y="450" as="targetPoint"/>
          </mxGeometry>
        </mxCell>
        <mxCell id="AW75aSy7uPwsYGtdvkdC-26" value="" style="endArrow=classic;html=1;exitX=0.5;exitY=1;exitDx=0;exitDy=0;entryX=0.5;entryY=0;entryDx=0;entryDy=0;" edge="1" parent="1" source="AW75aSy7uPwsYGtdvkdC-4" target="AW75aSy7uPwsYGtdvkdC-7">
          <mxGeometry width="50" height="50" relative="1" as="geometry">
            <mxPoint x="120" y="710" as="sourcePoint"/>
            <mxPoint x="170" y="650" as="targetPoint"/>
          </mxGeometry>
        </mxCell>
        <mxCell id="AW75aSy7uPwsYGtdvkdC-27" value="" style="endArrow=classic;html=1;exitX=0.5;exitY=1;exitDx=0;exitDy=0;entryX=0.5;entryY=0;entryDx=0;entryDy=0;" edge="1" parent="1" source="AW75aSy7uPwsYGtdvkdC-4" target="AW75aSy7uPwsYGtdvkdC-10">
          <mxGeometry width="50" height="50" relative="1" as="geometry">
            <mxPoint x="60" y="320" as="sourcePoint"/>
            <mxPoint x="110" y="270" as="targetPoint"/>
          </mxGeometry>
        </mxCell>
        <mxCell id="AW75aSy7uPwsYGtdvkdC-28" value="" style="endArrow=classic;html=1;exitX=0.5;exitY=1;exitDx=0;exitDy=0;entryX=0.5;entryY=0;entryDx=0;entryDy=0;" edge="1" parent="1" source="AW75aSy7uPwsYGtdvkdC-4" target="AW75aSy7uPwsYGtdvkdC-15">
          <mxGeometry width="50" height="50" relative="1" as="geometry">
            <mxPoint x="390" y="280" as="sourcePoint"/>
            <mxPoint x="440" y="230" as="targetPoint"/>
          </mxGeometry>
        </mxCell>
        <mxCell id="AW75aSy7uPwsYGtdvkdC-29" value="" style="endArrow=classic;html=1;exitX=0.5;exitY=1;exitDx=0;exitDy=0;entryX=0.5;entryY=0;entryDx=0;entryDy=0;" edge="1" parent="1" source="AW75aSy7uPwsYGtdvkdC-8" target="AW75aSy7uPwsYGtdvkdC-3">
          <mxGeometry width="50" height="50" relative="1" as="geometry">
            <mxPoint x="400" y="280" as="sourcePoint"/>
            <mxPoint x="450" y="230" as="targetPoint"/>
          </mxGeometry>
        </mxCell>
        <mxCell id="AW75aSy7uPwsYGtdvkdC-30" value="" style="endArrow=classic;html=1;exitX=0.5;exitY=1;exitDx=0;exitDy=0;entryX=0.5;entryY=0;entryDx=0;entryDy=0;" edge="1" parent="1" source="AW75aSy7uPwsYGtdvkdC-8" target="AW75aSy7uPwsYGtdvkdC-10">
          <mxGeometry width="50" height="50" relative="1" as="geometry">
            <mxPoint x="400" y="250" as="sourcePoint"/>
            <mxPoint x="450" y="200" as="targetPoint"/>
          </mxGeometry>
        </mxCell>
        <mxCell id="AW75aSy7uPwsYGtdvkdC-31" value="" style="endArrow=classic;html=1;exitX=0.5;exitY=1;exitDx=0;exitDy=0;entryX=0.5;entryY=0;entryDx=0;entryDy=0;" edge="1" parent="1" source="AW75aSy7uPwsYGtdvkdC-8" target="AW75aSy7uPwsYGtdvkdC-15">
          <mxGeometry width="50" height="50" relative="1" as="geometry">
            <mxPoint x="390" y="280" as="sourcePoint"/>
            <mxPoint x="440" y="230" as="targetPoint"/>
          </mxGeometry>
        </mxCell>
        <mxCell id="AW75aSy7uPwsYGtdvkdC-32" value="" style="endArrow=classic;html=1;exitX=0.5;exitY=1;exitDx=0;exitDy=0;entryX=0.5;entryY=0;entryDx=0;entryDy=0;" edge="1" parent="1" source="AW75aSy7uPwsYGtdvkdC-9" target="AW75aSy7uPwsYGtdvkdC-7">
          <mxGeometry width="50" height="50" relative="1" as="geometry">
            <mxPoint x="370" y="460" as="sourcePoint"/>
            <mxPoint x="420" y="410" as="targetPoint"/>
          </mxGeometry>
        </mxCell>
        <mxCell id="AW75aSy7uPwsYGtdvkdC-33" value="" style="endArrow=classic;html=1;exitX=0.5;exitY=1;exitDx=0;exitDy=0;entryX=0.5;entryY=0;entryDx=0;entryDy=0;" edge="1" parent="1" source="AW75aSy7uPwsYGtdvkdC-9" target="AW75aSy7uPwsYGtdvkdC-3">
          <mxGeometry width="50" height="50" relative="1" as="geometry">
            <mxPoint x="400" y="410" as="sourcePoint"/>
            <mxPoint x="450" y="370" as="targetPoint"/>
          </mxGeometry>
        </mxCell>
        <mxCell id="AW75aSy7uPwsYGtdvkdC-34" value="" style="endArrow=classic;html=1;exitX=0.5;exitY=1;exitDx=0;exitDy=0;entryX=0.5;entryY=0;entryDx=0;entryDy=0;" edge="1" parent="1" source="AW75aSy7uPwsYGtdvkdC-9" target="AW75aSy7uPwsYGtdvkdC-10">
          <mxGeometry width="50" height="50" relative="1" as="geometry">
            <mxPoint x="390" y="390" as="sourcePoint"/>
            <mxPoint x="440" y="340" as="targetPoint"/>
          </mxGeometry>
        </mxCell>
        <mxCell id="AW75aSy7uPwsYGtdvkdC-35" value="" style="endArrow=classic;html=1;exitX=0.5;exitY=1;exitDx=0;exitDy=0;entryX=0.5;entryY=0;entryDx=0;entryDy=0;" edge="1" parent="1" source="AW75aSy7uPwsYGtdvkdC-9" target="AW75aSy7uPwsYGtdvkdC-15">
          <mxGeometry width="50" height="50" relative="1" as="geometry">
            <mxPoint x="580" y="160" as="sourcePoint"/>
            <mxPoint x="630" y="110" as="targetPoint"/>
          </mxGeometry>
        </mxCell>
        <mxCell id="AW75aSy7uPwsYGtdvkdC-36" value="" style="endArrow=classic;html=1;exitX=0.5;exitY=1;exitDx=0;exitDy=0;entryX=0.5;entryY=0;entryDx=0;entryDy=0;" edge="1" parent="1" source="AW75aSy7uPwsYGtdvkdC-16" target="AW75aSy7uPwsYGtdvkdC-15">
          <mxGeometry width="50" height="50" relative="1" as="geometry">
            <mxPoint x="700" y="340" as="sourcePoint"/>
            <mxPoint x="750" y="290" as="targetPoint"/>
          </mxGeometry>
        </mxCell>
        <mxCell id="AW75aSy7uPwsYGtdvkdC-37" value="" style="endArrow=classic;html=1;exitX=0.5;exitY=1;exitDx=0;exitDy=0;entryX=0.5;entryY=0;entryDx=0;entryDy=0;" edge="1" parent="1" source="AW75aSy7uPwsYGtdvkdC-16" target="AW75aSy7uPwsYGtdvkdC-7">
          <mxGeometry width="50" height="50" relative="1" as="geometry">
            <mxPoint x="570" y="180" as="sourcePoint"/>
            <mxPoint x="620" y="130" as="targetPoint"/>
          </mxGeometry>
        </mxCell>
        <mxCell id="AW75aSy7uPwsYGtdvkdC-38" value="" style="endArrow=classic;html=1;exitX=0.5;exitY=1;exitDx=0;exitDy=0;entryX=0.5;entryY=0;entryDx=0;entryDy=0;" edge="1" parent="1" source="AW75aSy7uPwsYGtdvkdC-16" target="AW75aSy7uPwsYGtdvkdC-3">
          <mxGeometry width="50" height="50" relative="1" as="geometry">
            <mxPoint x="540" y="160" as="sourcePoint"/>
            <mxPoint x="590" y="110" as="targetPoint"/>
          </mxGeometry>
        </mxCell>
        <mxCell id="AW75aSy7uPwsYGtdvkdC-39" value="" style="endArrow=classic;html=1;exitX=0.5;exitY=1;exitDx=0;exitDy=0;entryX=0.5;entryY=0;entryDx=0;entryDy=0;" edge="1" parent="1" source="AW75aSy7uPwsYGtdvkdC-16" target="AW75aSy7uPwsYGtdvkdC-10">
          <mxGeometry width="50" height="50" relative="1" as="geometry">
            <mxPoint x="410" y="410" as="sourcePoint"/>
            <mxPoint x="460" y="360" as="targetPoint"/>
          </mxGeometry>
        </mxCell>
        <mxCell id="AW75aSy7uPwsYGtdvkdC-40" value="" style="endArrow=classic;html=1;exitX=1;exitY=1;exitDx=0;exitDy=0;entryX=0.5;entryY=0;entryDx=0;entryDy=0;" edge="1" parent="1" source="AW75aSy7uPwsYGtdvkdC-1" target="AW75aSy7uPwsYGtdvkdC-9">
          <mxGeometry width="50" height="50" relative="1" as="geometry">
            <mxPoint x="580" y="190" as="sourcePoint"/>
            <mxPoint x="630" y="140" as="targetPoint"/>
          </mxGeometry>
        </mxCell>
        <mxCell id="AW75aSy7uPwsYGtdvkdC-41" value="" style="endArrow=classic;html=1;exitX=1;exitY=1;exitDx=0;exitDy=0;entryX=0.5;entryY=0;entryDx=0;entryDy=0;" edge="1" parent="1" source="AW75aSy7uPwsYGtdvkdC-1" target="AW75aSy7uPwsYGtdvkdC-16">
          <mxGeometry width="50" height="50" relative="1" as="geometry">
            <mxPoint x="620" y="160" as="sourcePoint"/>
            <mxPoint x="670" y="110" as="targetPoint"/>
          </mxGeometry>
        </mxCell>
        <mxCell id="AW75aSy7uPwsYGtdvkdC-42" value="" style="endArrow=classic;html=1;exitX=0.5;exitY=1;exitDx=0;exitDy=0;entryX=0.5;entryY=0;entryDx=0;entryDy=0;" edge="1" parent="1" source="AW75aSy7uPwsYGtdvkdC-10" target="AW75aSy7uPwsYGtdvkdC-11">
          <mxGeometry width="50" height="50" relative="1" as="geometry">
            <mxPoint x="390" y="440" as="sourcePoint"/>
            <mxPoint x="440" y="390" as="targetPoint"/>
          </mxGeometry>
        </mxCell>
        <mxCell id="AW75aSy7uPwsYGtdvkdC-43" value="" style="endArrow=classic;html=1;exitX=0.5;exitY=1;exitDx=0;exitDy=0;entryX=0.5;entryY=0;entryDx=0;entryDy=0;" edge="1" parent="1" source="AW75aSy7uPwsYGtdvkdC-15" target="AW75aSy7uPwsYGtdvkdC-14">
          <mxGeometry width="50" height="50" relative="1" as="geometry">
            <mxPoint x="750" y="440" as="sourcePoint"/>
            <mxPoint x="800" y="390" as="targetPoint"/>
          </mxGeometry>
        </mxCell>
        <mxCell id="AW75aSy7uPwsYGtdvkdC-44" value="" style="endArrow=classic;html=1;exitX=0.5;exitY=1;exitDx=0;exitDy=0;entryX=0.5;entryY=0;entryDx=0;entryDy=0;" edge="1" parent="1" source="AW75aSy7uPwsYGtdvkdC-3" target="AW75aSy7uPwsYGtdvkdC-6">
          <mxGeometry width="50" height="50" relative="1" as="geometry">
            <mxPoint x="370" y="430" as="sourcePoint"/>
            <mxPoint x="420" y="380" as="targetPoint"/>
          </mxGeometry>
        </mxCell>
        <mxCell id="AW75aSy7uPwsYGtdvkdC-45" value="" style="endArrow=classic;html=1;exitX=0.5;exitY=1;exitDx=0;exitDy=0;entryX=0.5;entryY=0;entryDx=0;entryDy=0;" edge="1" parent="1" source="AW75aSy7uPwsYGtdvkdC-7" target="AW75aSy7uPwsYGtdvkdC-2">
          <mxGeometry width="50" height="50" relative="1" as="geometry">
            <mxPoint x="390" y="450" as="sourcePoint"/>
            <mxPoint x="440" y="400" as="targetPoint"/>
          </mxGeometry>
        </mxCell>
        <mxCell id="AW75aSy7uPwsYGtdvkdC-46" value="" style="endArrow=classic;html=1;exitX=0.5;exitY=1;exitDx=0;exitDy=0;entryX=0.5;entryY=0;entryDx=0;entryDy=0;" edge="1" parent="1" source="AW75aSy7uPwsYGtdvkdC-3" target="AW75aSy7uPwsYGtdvkdC-11">
          <mxGeometry width="50" height="50" relative="1" as="geometry">
            <mxPoint x="380" y="430" as="sourcePoint"/>
            <mxPoint x="430" y="380" as="targetPoint"/>
          </mxGeometry>
        </mxCell>
        <mxCell id="AW75aSy7uPwsYGtdvkdC-47" value="" style="endArrow=classic;html=1;exitX=0.5;exitY=1;exitDx=0;exitDy=0;entryX=0.5;entryY=0;entryDx=0;entryDy=0;" edge="1" parent="1" source="AW75aSy7uPwsYGtdvkdC-3" target="AW75aSy7uPwsYGtdvkdC-14">
          <mxGeometry width="50" height="50" relative="1" as="geometry">
            <mxPoint x="390" y="420" as="sourcePoint"/>
            <mxPoint x="440" y="370" as="targetPoint"/>
          </mxGeometry>
        </mxCell>
        <mxCell id="AW75aSy7uPwsYGtdvkdC-48" value="" style="endArrow=classic;html=1;exitX=0.5;exitY=1;exitDx=0;exitDy=0;entryX=0.5;entryY=0;entryDx=0;entryDy=0;" edge="1" parent="1" source="AW75aSy7uPwsYGtdvkdC-7" target="AW75aSy7uPwsYGtdvkdC-11">
          <mxGeometry width="50" height="50" relative="1" as="geometry">
            <mxPoint x="370" y="390" as="sourcePoint"/>
            <mxPoint x="420" y="340" as="targetPoint"/>
          </mxGeometry>
        </mxCell>
        <mxCell id="AW75aSy7uPwsYGtdvkdC-49" value="" style="endArrow=classic;html=1;entryX=0.5;entryY=0;entryDx=0;entryDy=0;exitX=0.5;exitY=1;exitDx=0;exitDy=0;" edge="1" parent="1" source="AW75aSy7uPwsYGtdvkdC-7" target="AW75aSy7uPwsYGtdvkdC-14">
          <mxGeometry width="50" height="50" relative="1" as="geometry">
            <mxPoint x="370" y="380" as="sourcePoint"/>
            <mxPoint x="440" y="350" as="targetPoint"/>
          </mxGeometry>
        </mxCell>
        <mxCell id="AW75aSy7uPwsYGtdvkdC-50" value="" style="endArrow=classic;html=1;exitX=0.5;exitY=1;exitDx=0;exitDy=0;entryX=0.5;entryY=0;entryDx=0;entryDy=0;" edge="1" parent="1" source="AW75aSy7uPwsYGtdvkdC-10" target="AW75aSy7uPwsYGtdvkdC-2">
          <mxGeometry width="50" height="50" relative="1" as="geometry">
            <mxPoint x="360" y="400" as="sourcePoint"/>
            <mxPoint x="410" y="350" as="targetPoint"/>
          </mxGeometry>
        </mxCell>
        <mxCell id="AW75aSy7uPwsYGtdvkdC-51" value="" style="endArrow=classic;html=1;exitX=0.5;exitY=1;exitDx=0;exitDy=0;entryX=0.5;entryY=0;entryDx=0;entryDy=0;" edge="1" parent="1" source="AW75aSy7uPwsYGtdvkdC-10" target="AW75aSy7uPwsYGtdvkdC-6">
          <mxGeometry width="50" height="50" relative="1" as="geometry">
            <mxPoint x="400" y="370" as="sourcePoint"/>
            <mxPoint x="450" y="320" as="targetPoint"/>
          </mxGeometry>
        </mxCell>
        <mxCell id="AW75aSy7uPwsYGtdvkdC-52" value="" style="endArrow=classic;html=1;exitX=0.5;exitY=1;exitDx=0;exitDy=0;entryX=0.5;entryY=0;entryDx=0;entryDy=0;" edge="1" parent="1" source="AW75aSy7uPwsYGtdvkdC-15" target="AW75aSy7uPwsYGtdvkdC-11">
          <mxGeometry width="50" height="50" relative="1" as="geometry">
            <mxPoint x="770" y="390" as="sourcePoint"/>
            <mxPoint x="820" y="340" as="targetPoint"/>
          </mxGeometry>
        </mxCell>
        <mxCell id="AW75aSy7uPwsYGtdvkdC-53" value="" style="endArrow=classic;html=1;exitX=0.5;exitY=1;exitDx=0;exitDy=0;entryX=0.5;entryY=0;entryDx=0;entryDy=0;" edge="1" parent="1" source="AW75aSy7uPwsYGtdvkdC-15" target="AW75aSy7uPwsYGtdvkdC-6">
          <mxGeometry width="50" height="50" relative="1" as="geometry">
            <mxPoint x="420" y="400" as="sourcePoint"/>
            <mxPoint x="470" y="350" as="targetPoint"/>
          </mxGeometry>
        </mxCell>
        <mxCell id="AW75aSy7uPwsYGtdvkdC-54" value="" style="endArrow=classic;html=1;exitX=0.5;exitY=1;exitDx=0;exitDy=0;entryX=0.5;entryY=0;entryDx=0;entryDy=0;" edge="1" parent="1" source="AW75aSy7uPwsYGtdvkdC-15" target="AW75aSy7uPwsYGtdvkdC-2">
          <mxGeometry width="50" height="50" relative="1" as="geometry">
            <mxPoint x="400" y="400" as="sourcePoint"/>
            <mxPoint x="450" y="350" as="targetPoint"/>
          </mxGeometry>
        </mxCell>
        <mxCell id="AW75aSy7uPwsYGtdvkdC-55" value="" style="endArrow=classic;html=1;exitX=0.5;exitY=1;exitDx=0;exitDy=0;entryX=0.5;entryY=0;entryDx=0;entryDy=0;" edge="1" parent="1" source="AW75aSy7uPwsYGtdvkdC-10" target="AW75aSy7uPwsYGtdvkdC-14">
          <mxGeometry width="50" height="50" relative="1" as="geometry">
            <mxPoint x="380" y="400" as="sourcePoint"/>
            <mxPoint x="430" y="350" as="targetPoint"/>
          </mxGeometry>
        </mxCell>
        <mxCell id="AW75aSy7uPwsYGtdvkdC-56" value="" style="endArrow=classic;html=1;exitX=0.5;exitY=1;exitDx=0;exitDy=0;entryX=0.5;entryY=0;entryDx=0;entryDy=0;" edge="1" parent="1" source="AW75aSy7uPwsYGtdvkdC-2" target="AW75aSy7uPwsYGtdvkdC-13">
          <mxGeometry width="50" height="50" relative="1" as="geometry">
            <mxPoint x="390" y="510" as="sourcePoint"/>
            <mxPoint x="440" y="460" as="targetPoint"/>
          </mxGeometry>
        </mxCell>
        <mxCell id="AW75aSy7uPwsYGtdvkdC-57" value="" style="endArrow=classic;html=1;exitX=0.5;exitY=1;exitDx=0;exitDy=0;entryX=0.5;entryY=0;entryDx=0;entryDy=0;" edge="1" parent="1" source="AW75aSy7uPwsYGtdvkdC-2" target="AW75aSy7uPwsYGtdvkdC-12">
          <mxGeometry width="50" height="50" relative="1" as="geometry">
            <mxPoint x="390" y="550" as="sourcePoint"/>
            <mxPoint x="440" y="500" as="targetPoint"/>
          </mxGeometry>
        </mxCell>
        <mxCell id="AW75aSy7uPwsYGtdvkdC-58" value="" style="endArrow=classic;html=1;exitX=0.5;exitY=1;exitDx=0;exitDy=0;entryX=0.5;entryY=0;entryDx=0;entryDy=0;" edge="1" parent="1" source="AW75aSy7uPwsYGtdvkdC-2" target="AW75aSy7uPwsYGtdvkdC-17">
          <mxGeometry width="50" height="50" relative="1" as="geometry">
            <mxPoint x="370" y="520" as="sourcePoint"/>
            <mxPoint x="420" y="470" as="targetPoint"/>
          </mxGeometry>
        </mxCell>
        <mxCell id="AW75aSy7uPwsYGtdvkdC-59" value="" style="endArrow=classic;html=1;exitX=0.5;exitY=1;exitDx=0;exitDy=0;entryX=0.5;entryY=0;entryDx=0;entryDy=0;" edge="1" parent="1" source="AW75aSy7uPwsYGtdvkdC-6" target="AW75aSy7uPwsYGtdvkdC-5">
          <mxGeometry width="50" height="50" relative="1" as="geometry">
            <mxPoint x="370" y="520" as="sourcePoint"/>
            <mxPoint x="420" y="470" as="targetPoint"/>
          </mxGeometry>
        </mxCell>
        <mxCell id="AW75aSy7uPwsYGtdvkdC-60" value="" style="endArrow=classic;html=1;exitX=0.5;exitY=1;exitDx=0;exitDy=0;entryX=0.5;entryY=0;entryDx=0;entryDy=0;" edge="1" parent="1" source="AW75aSy7uPwsYGtdvkdC-6" target="AW75aSy7uPwsYGtdvkdC-12">
          <mxGeometry width="50" height="50" relative="1" as="geometry">
            <mxPoint x="380" y="500" as="sourcePoint"/>
            <mxPoint x="430" y="450" as="targetPoint"/>
          </mxGeometry>
        </mxCell>
        <mxCell id="AW75aSy7uPwsYGtdvkdC-61" value="" style="endArrow=classic;html=1;exitX=0.5;exitY=1;exitDx=0;exitDy=0;entryX=0.5;entryY=0;entryDx=0;entryDy=0;" edge="1" parent="1" source="AW75aSy7uPwsYGtdvkdC-6" target="AW75aSy7uPwsYGtdvkdC-17">
          <mxGeometry width="50" height="50" relative="1" as="geometry">
            <mxPoint x="390" y="500" as="sourcePoint"/>
            <mxPoint x="440" y="450" as="targetPoint"/>
          </mxGeometry>
        </mxCell>
        <mxCell id="AW75aSy7uPwsYGtdvkdC-62" value="" style="endArrow=classic;html=1;exitX=0.5;exitY=1;exitDx=0;exitDy=0;entryX=0.5;entryY=0;entryDx=0;entryDy=0;" edge="1" parent="1" source="AW75aSy7uPwsYGtdvkdC-11" target="AW75aSy7uPwsYGtdvkdC-5">
          <mxGeometry width="50" height="50" relative="1" as="geometry">
            <mxPoint x="380" y="500" as="sourcePoint"/>
            <mxPoint x="430" y="450" as="targetPoint"/>
          </mxGeometry>
        </mxCell>
        <mxCell id="AW75aSy7uPwsYGtdvkdC-63" value="" style="endArrow=classic;html=1;exitX=0.5;exitY=1;exitDx=0;exitDy=0;entryX=0.5;entryY=0;entryDx=0;entryDy=0;" edge="1" parent="1" source="AW75aSy7uPwsYGtdvkdC-11" target="AW75aSy7uPwsYGtdvkdC-13">
          <mxGeometry width="50" height="50" relative="1" as="geometry">
            <mxPoint x="350" y="510" as="sourcePoint"/>
            <mxPoint x="400" y="460" as="targetPoint"/>
          </mxGeometry>
        </mxCell>
        <mxCell id="AW75aSy7uPwsYGtdvkdC-64" value="" style="endArrow=classic;html=1;exitX=0.5;exitY=1;exitDx=0;exitDy=0;entryX=0.5;entryY=0;entryDx=0;entryDy=0;" edge="1" parent="1" source="AW75aSy7uPwsYGtdvkdC-11" target="AW75aSy7uPwsYGtdvkdC-12">
          <mxGeometry width="50" height="50" relative="1" as="geometry">
            <mxPoint x="400" y="510" as="sourcePoint"/>
            <mxPoint x="450" y="460" as="targetPoint"/>
          </mxGeometry>
        </mxCell>
        <mxCell id="AW75aSy7uPwsYGtdvkdC-65" value="" style="endArrow=classic;html=1;exitX=0.5;exitY=1;exitDx=0;exitDy=0;entryX=0.5;entryY=0;entryDx=0;entryDy=0;" edge="1" parent="1" source="AW75aSy7uPwsYGtdvkdC-11" target="AW75aSy7uPwsYGtdvkdC-17">
          <mxGeometry width="50" height="50" relative="1" as="geometry">
            <mxPoint x="390" y="510" as="sourcePoint"/>
            <mxPoint x="440" y="460" as="targetPoint"/>
          </mxGeometry>
        </mxCell>
        <mxCell id="AW75aSy7uPwsYGtdvkdC-66" value="" style="endArrow=classic;html=1;exitX=0.5;exitY=1;exitDx=0;exitDy=0;entryX=0.5;entryY=0;entryDx=0;entryDy=0;" edge="1" parent="1" source="AW75aSy7uPwsYGtdvkdC-14" target="AW75aSy7uPwsYGtdvkdC-17">
          <mxGeometry width="50" height="50" relative="1" as="geometry">
            <mxPoint x="380" y="500" as="sourcePoint"/>
            <mxPoint x="430" y="450" as="targetPoint"/>
          </mxGeometry>
        </mxCell>
        <mxCell id="AW75aSy7uPwsYGtdvkdC-67" value="" style="endArrow=classic;html=1;exitX=0.5;exitY=1;exitDx=0;exitDy=0;entryX=0.5;entryY=0;entryDx=0;entryDy=0;" edge="1" parent="1" source="AW75aSy7uPwsYGtdvkdC-14" target="AW75aSy7uPwsYGtdvkdC-12">
          <mxGeometry width="50" height="50" relative="1" as="geometry">
            <mxPoint x="380" y="510" as="sourcePoint"/>
            <mxPoint x="430" y="460" as="targetPoint"/>
          </mxGeometry>
        </mxCell>
        <mxCell id="AW75aSy7uPwsYGtdvkdC-68" value="" style="endArrow=classic;html=1;exitX=0.5;exitY=1;exitDx=0;exitDy=0;entryX=0.5;entryY=0;entryDx=0;entryDy=0;" edge="1" parent="1" source="AW75aSy7uPwsYGtdvkdC-14" target="AW75aSy7uPwsYGtdvkdC-13">
          <mxGeometry width="50" height="50" relative="1" as="geometry">
            <mxPoint x="860" y="490" as="sourcePoint"/>
            <mxPoint x="910" y="440" as="targetPoint"/>
          </mxGeometry>
        </mxCell>
        <mxCell id="AW75aSy7uPwsYGtdvkdC-69" value="" style="endArrow=classic;html=1;exitX=0.5;exitY=1;exitDx=0;exitDy=0;entryX=0.5;entryY=0;entryDx=0;entryDy=0;" edge="1" parent="1" source="AW75aSy7uPwsYGtdvkdC-14" target="AW75aSy7uPwsYGtdvkdC-5">
          <mxGeometry width="50" height="50" relative="1" as="geometry">
            <mxPoint x="390" y="500" as="sourcePoint"/>
            <mxPoint x="440" y="450" as="targetPoint"/>
          </mxGeometry>
        </mxCell>
      </root>
    </mxGraphModel>
  </diagram>
</mxfile>
