<?xml version="1.0" encoding="UTF-8"?>
<mxfile host="www.draw.io" modified="2020-01-08T00:25:00.993Z" agent="Mozilla/5.0 (Windows NT 10.0; Win64; x64; rv:71.0) Gecko/20100101 Firefox/71.0" etag="Y_r6uflJAKd8LCLCqHne" version="12.4.9" type="device">
  <diagram id="M6iGYlxVYsBDVYjaIcJ5" name="Page-1">
    <mxGraphModel dx="1264" dy="561" grid="1" gridSize="10" guides="1" tooltips="1" connect="1" arrows="1" fold="1" page="1" pageScale="1" pageWidth="850" pageHeight="1100" math="0" shadow="0">
      <root>
        <mxCell id="0"/>
        <mxCell id="1" parent="0"/>
        <mxCell id="9cuP0UydbNUHG_r8ZG4T-1" value="start" style="ellipse;whiteSpace=wrap;html=1;aspect=fixed;" vertex="1" parent="1">
          <mxGeometry x="360" y="40" width="80" height="80" as="geometry"/>
        </mxCell>
        <mxCell id="9cuP0UydbNUHG_r8ZG4T-2" value="" style="ellipse;whiteSpace=wrap;html=1;aspect=fixed;" vertex="1" parent="1">
          <mxGeometry x="115" y="310" width="80" height="80" as="geometry"/>
        </mxCell>
        <mxCell id="9cuP0UydbNUHG_r8ZG4T-4" value="" style="endArrow=classic;html=1;exitX=0.5;exitY=1;exitDx=0;exitDy=0;entryX=0.5;entryY=0;entryDx=0;entryDy=0;" edge="1" parent="1" source="9cuP0UydbNUHG_r8ZG4T-2" target="9cuP0UydbNUHG_r8ZG4T-60">
          <mxGeometry width="50" height="50" relative="1" as="geometry">
            <mxPoint x="45" y="420" as="sourcePoint"/>
            <mxPoint x="155" y="430" as="targetPoint"/>
          </mxGeometry>
        </mxCell>
        <mxCell id="9cuP0UydbNUHG_r8ZG4T-6" value="ending_1" style="ellipse;whiteSpace=wrap;html=1;aspect=fixed;" vertex="1" parent="1">
          <mxGeometry x="115" y="670" width="80" height="80" as="geometry"/>
        </mxCell>
        <mxCell id="9cuP0UydbNUHG_r8ZG4T-8" value="" style="endArrow=classic;html=1;entryX=0.5;entryY=0;entryDx=0;entryDy=0;exitX=0.5;exitY=1;exitDx=0;exitDy=0;" edge="1" parent="1" source="9cuP0UydbNUHG_r8ZG4T-56" target="9cuP0UydbNUHG_r8ZG4T-6">
          <mxGeometry width="50" height="50" relative="1" as="geometry">
            <mxPoint x="120" y="650" as="sourcePoint"/>
            <mxPoint x="180" y="660" as="targetPoint"/>
          </mxGeometry>
        </mxCell>
        <mxCell id="9cuP0UydbNUHG_r8ZG4T-9" value="" style="ellipse;whiteSpace=wrap;html=1;aspect=fixed;" vertex="1" parent="1">
          <mxGeometry x="275" y="310" width="80" height="80" as="geometry"/>
        </mxCell>
        <mxCell id="9cuP0UydbNUHG_r8ZG4T-11" value="" style="endArrow=classic;html=1;exitX=0.5;exitY=1;exitDx=0;exitDy=0;entryX=0.5;entryY=0;entryDx=0;entryDy=0;" edge="1" parent="1" source="9cuP0UydbNUHG_r8ZG4T-9" target="9cuP0UydbNUHG_r8ZG4T-62">
          <mxGeometry width="50" height="50" relative="1" as="geometry">
            <mxPoint x="205" y="420" as="sourcePoint"/>
            <mxPoint x="315" y="430" as="targetPoint"/>
          </mxGeometry>
        </mxCell>
        <mxCell id="9cuP0UydbNUHG_r8ZG4T-13" value="ending_2" style="ellipse;whiteSpace=wrap;html=1;aspect=fixed;" vertex="1" parent="1">
          <mxGeometry x="275" y="670" width="80" height="80" as="geometry"/>
        </mxCell>
        <mxCell id="9cuP0UydbNUHG_r8ZG4T-15" value="" style="endArrow=classic;html=1;exitX=0.5;exitY=1;exitDx=0;exitDy=0;entryX=0.5;entryY=0;entryDx=0;entryDy=0;" edge="1" parent="1" source="9cuP0UydbNUHG_r8ZG4T-57" target="9cuP0UydbNUHG_r8ZG4T-13">
          <mxGeometry width="50" height="50" relative="1" as="geometry">
            <mxPoint x="315" y="630" as="sourcePoint"/>
            <mxPoint x="665" y="500" as="targetPoint"/>
          </mxGeometry>
        </mxCell>
        <mxCell id="9cuP0UydbNUHG_r8ZG4T-16" value="" style="ellipse;whiteSpace=wrap;html=1;aspect=fixed;" vertex="1" parent="1">
          <mxGeometry x="435" y="310" width="80" height="80" as="geometry"/>
        </mxCell>
        <mxCell id="9cuP0UydbNUHG_r8ZG4T-18" value="" style="endArrow=classic;html=1;exitX=0.5;exitY=1;exitDx=0;exitDy=0;entryX=0.5;entryY=0;entryDx=0;entryDy=0;" edge="1" parent="1" source="9cuP0UydbNUHG_r8ZG4T-16" target="9cuP0UydbNUHG_r8ZG4T-64">
          <mxGeometry width="50" height="50" relative="1" as="geometry">
            <mxPoint x="365" y="420" as="sourcePoint"/>
            <mxPoint x="475" y="430" as="targetPoint"/>
          </mxGeometry>
        </mxCell>
        <mxCell id="9cuP0UydbNUHG_r8ZG4T-20" value="ending_3" style="ellipse;whiteSpace=wrap;html=1;aspect=fixed;" vertex="1" parent="1">
          <mxGeometry x="435" y="670" width="80" height="80" as="geometry"/>
        </mxCell>
        <mxCell id="9cuP0UydbNUHG_r8ZG4T-22" value="" style="endArrow=classic;html=1;exitX=0.5;exitY=1;exitDx=0;exitDy=0;entryX=0.5;entryY=0;entryDx=0;entryDy=0;" edge="1" parent="1" source="9cuP0UydbNUHG_r8ZG4T-58" target="9cuP0UydbNUHG_r8ZG4T-20">
          <mxGeometry width="50" height="50" relative="1" as="geometry">
            <mxPoint x="475" y="630" as="sourcePoint"/>
            <mxPoint x="825" y="500" as="targetPoint"/>
          </mxGeometry>
        </mxCell>
        <mxCell id="9cuP0UydbNUHG_r8ZG4T-23" value="" style="ellipse;whiteSpace=wrap;html=1;aspect=fixed;" vertex="1" parent="1">
          <mxGeometry x="600" y="310" width="80" height="80" as="geometry"/>
        </mxCell>
        <mxCell id="9cuP0UydbNUHG_r8ZG4T-25" value="" style="endArrow=classic;html=1;exitX=0.5;exitY=1;exitDx=0;exitDy=0;entryX=0.5;entryY=0;entryDx=0;entryDy=0;" edge="1" parent="1" source="9cuP0UydbNUHG_r8ZG4T-23" target="9cuP0UydbNUHG_r8ZG4T-66">
          <mxGeometry width="50" height="50" relative="1" as="geometry">
            <mxPoint x="530" y="420" as="sourcePoint"/>
            <mxPoint x="640" y="430" as="targetPoint"/>
          </mxGeometry>
        </mxCell>
        <mxCell id="9cuP0UydbNUHG_r8ZG4T-27" value="ending_4" style="ellipse;whiteSpace=wrap;html=1;aspect=fixed;" vertex="1" parent="1">
          <mxGeometry x="600" y="670" width="80" height="80" as="geometry"/>
        </mxCell>
        <mxCell id="9cuP0UydbNUHG_r8ZG4T-29" value="" style="endArrow=classic;html=1;exitX=0.5;exitY=1;exitDx=0;exitDy=0;entryX=0.5;entryY=0;entryDx=0;entryDy=0;" edge="1" parent="1" source="9cuP0UydbNUHG_r8ZG4T-59" target="9cuP0UydbNUHG_r8ZG4T-27">
          <mxGeometry width="50" height="50" relative="1" as="geometry">
            <mxPoint x="640" y="630" as="sourcePoint"/>
            <mxPoint x="990" y="500" as="targetPoint"/>
          </mxGeometry>
        </mxCell>
        <mxCell id="9cuP0UydbNUHG_r8ZG4T-30" value="" style="ellipse;whiteSpace=wrap;html=1;aspect=fixed;" vertex="1" parent="1">
          <mxGeometry x="115" y="200" width="80" height="80" as="geometry"/>
        </mxCell>
        <mxCell id="9cuP0UydbNUHG_r8ZG4T-31" value="" style="endArrow=classic;html=1;exitX=0.5;exitY=1;exitDx=0;exitDy=0;entryX=0.5;entryY=0;entryDx=0;entryDy=0;" edge="1" parent="1" source="9cuP0UydbNUHG_r8ZG4T-30" target="9cuP0UydbNUHG_r8ZG4T-2">
          <mxGeometry width="50" height="50" relative="1" as="geometry">
            <mxPoint x="45" y="310" as="sourcePoint"/>
            <mxPoint x="155" y="320" as="targetPoint"/>
          </mxGeometry>
        </mxCell>
        <mxCell id="9cuP0UydbNUHG_r8ZG4T-32" value="" style="ellipse;whiteSpace=wrap;html=1;aspect=fixed;" vertex="1" parent="1">
          <mxGeometry x="275" y="200" width="80" height="80" as="geometry"/>
        </mxCell>
        <mxCell id="9cuP0UydbNUHG_r8ZG4T-33" value="" style="endArrow=classic;html=1;exitX=0.5;exitY=1;exitDx=0;exitDy=0;entryX=0.5;entryY=0;entryDx=0;entryDy=0;" edge="1" parent="1" source="9cuP0UydbNUHG_r8ZG4T-32" target="9cuP0UydbNUHG_r8ZG4T-9">
          <mxGeometry width="50" height="50" relative="1" as="geometry">
            <mxPoint x="205" y="310" as="sourcePoint"/>
            <mxPoint x="315" y="320" as="targetPoint"/>
          </mxGeometry>
        </mxCell>
        <mxCell id="9cuP0UydbNUHG_r8ZG4T-34" value="" style="ellipse;whiteSpace=wrap;html=1;aspect=fixed;" vertex="1" parent="1">
          <mxGeometry x="435" y="200" width="80" height="80" as="geometry"/>
        </mxCell>
        <mxCell id="9cuP0UydbNUHG_r8ZG4T-35" value="" style="endArrow=classic;html=1;exitX=0.5;exitY=1;exitDx=0;exitDy=0;entryX=0.5;entryY=0;entryDx=0;entryDy=0;" edge="1" parent="1" source="9cuP0UydbNUHG_r8ZG4T-34" target="9cuP0UydbNUHG_r8ZG4T-16">
          <mxGeometry width="50" height="50" relative="1" as="geometry">
            <mxPoint x="365" y="310" as="sourcePoint"/>
            <mxPoint x="475" y="320" as="targetPoint"/>
          </mxGeometry>
        </mxCell>
        <mxCell id="9cuP0UydbNUHG_r8ZG4T-36" value="" style="ellipse;whiteSpace=wrap;html=1;aspect=fixed;" vertex="1" parent="1">
          <mxGeometry x="600" y="200" width="80" height="80" as="geometry"/>
        </mxCell>
        <mxCell id="9cuP0UydbNUHG_r8ZG4T-37" value="" style="endArrow=classic;html=1;exitX=0.5;exitY=1;exitDx=0;exitDy=0;entryX=0.5;entryY=0;entryDx=0;entryDy=0;" edge="1" parent="1" source="9cuP0UydbNUHG_r8ZG4T-36" target="9cuP0UydbNUHG_r8ZG4T-23">
          <mxGeometry width="50" height="50" relative="1" as="geometry">
            <mxPoint x="530" y="310" as="sourcePoint"/>
            <mxPoint x="640" y="320" as="targetPoint"/>
          </mxGeometry>
        </mxCell>
        <mxCell id="9cuP0UydbNUHG_r8ZG4T-39" value="" style="endArrow=classic;html=1;exitX=0;exitY=0.5;exitDx=0;exitDy=0;entryX=1;entryY=0;entryDx=0;entryDy=0;" edge="1" parent="1" source="9cuP0UydbNUHG_r8ZG4T-1" target="9cuP0UydbNUHG_r8ZG4T-30">
          <mxGeometry width="50" height="50" relative="1" as="geometry">
            <mxPoint x="210" y="160" as="sourcePoint"/>
            <mxPoint x="260" y="110" as="targetPoint"/>
          </mxGeometry>
        </mxCell>
        <mxCell id="9cuP0UydbNUHG_r8ZG4T-40" value="" style="endArrow=classic;html=1;exitX=0;exitY=1;exitDx=0;exitDy=0;entryX=0.5;entryY=0;entryDx=0;entryDy=0;" edge="1" parent="1" source="9cuP0UydbNUHG_r8ZG4T-1" target="9cuP0UydbNUHG_r8ZG4T-32">
          <mxGeometry width="50" height="50" relative="1" as="geometry">
            <mxPoint x="460" y="140" as="sourcePoint"/>
            <mxPoint x="510" y="90" as="targetPoint"/>
          </mxGeometry>
        </mxCell>
        <mxCell id="9cuP0UydbNUHG_r8ZG4T-41" value="" style="endArrow=classic;html=1;exitX=1;exitY=0.5;exitDx=0;exitDy=0;entryX=0.5;entryY=0;entryDx=0;entryDy=0;" edge="1" parent="1" source="9cuP0UydbNUHG_r8ZG4T-1" target="9cuP0UydbNUHG_r8ZG4T-36">
          <mxGeometry width="50" height="50" relative="1" as="geometry">
            <mxPoint x="570" y="160" as="sourcePoint"/>
            <mxPoint x="620" y="110" as="targetPoint"/>
          </mxGeometry>
        </mxCell>
        <mxCell id="9cuP0UydbNUHG_r8ZG4T-42" value="" style="endArrow=classic;html=1;exitX=1;exitY=1;exitDx=0;exitDy=0;entryX=0.5;entryY=0;entryDx=0;entryDy=0;" edge="1" parent="1" source="9cuP0UydbNUHG_r8ZG4T-1" target="9cuP0UydbNUHG_r8ZG4T-34">
          <mxGeometry width="50" height="50" relative="1" as="geometry">
            <mxPoint x="420" y="190" as="sourcePoint"/>
            <mxPoint x="470" y="140" as="targetPoint"/>
          </mxGeometry>
        </mxCell>
        <mxCell id="9cuP0UydbNUHG_r8ZG4T-43" value="" style="endArrow=classic;html=1;exitX=1;exitY=1;exitDx=0;exitDy=0;entryX=0;entryY=0;entryDx=0;entryDy=0;" edge="1" parent="1" source="9cuP0UydbNUHG_r8ZG4T-30" target="9cuP0UydbNUHG_r8ZG4T-9">
          <mxGeometry width="50" height="50" relative="1" as="geometry">
            <mxPoint x="220" y="330" as="sourcePoint"/>
            <mxPoint x="270" y="280" as="targetPoint"/>
          </mxGeometry>
        </mxCell>
        <mxCell id="9cuP0UydbNUHG_r8ZG4T-44" value="" style="endArrow=classic;html=1;exitX=1;exitY=1;exitDx=0;exitDy=0;entryX=0;entryY=0;entryDx=0;entryDy=0;" edge="1" parent="1" source="9cuP0UydbNUHG_r8ZG4T-30" target="9cuP0UydbNUHG_r8ZG4T-16">
          <mxGeometry width="50" height="50" relative="1" as="geometry">
            <mxPoint x="210" y="270" as="sourcePoint"/>
            <mxPoint x="260" y="220" as="targetPoint"/>
          </mxGeometry>
        </mxCell>
        <mxCell id="9cuP0UydbNUHG_r8ZG4T-45" value="" style="endArrow=classic;html=1;exitX=1;exitY=1;exitDx=0;exitDy=0;entryX=0;entryY=0;entryDx=0;entryDy=0;" edge="1" parent="1" source="9cuP0UydbNUHG_r8ZG4T-30" target="9cuP0UydbNUHG_r8ZG4T-23">
          <mxGeometry width="50" height="50" relative="1" as="geometry">
            <mxPoint x="530" y="330" as="sourcePoint"/>
            <mxPoint x="580" y="280" as="targetPoint"/>
          </mxGeometry>
        </mxCell>
        <mxCell id="9cuP0UydbNUHG_r8ZG4T-46" value="" style="endArrow=classic;html=1;exitX=0;exitY=1;exitDx=0;exitDy=0;entryX=1;entryY=0;entryDx=0;entryDy=0;" edge="1" parent="1" source="9cuP0UydbNUHG_r8ZG4T-32" target="9cuP0UydbNUHG_r8ZG4T-2">
          <mxGeometry width="50" height="50" relative="1" as="geometry">
            <mxPoint x="30" y="300" as="sourcePoint"/>
            <mxPoint x="80" y="250" as="targetPoint"/>
          </mxGeometry>
        </mxCell>
        <mxCell id="9cuP0UydbNUHG_r8ZG4T-47" value="" style="endArrow=classic;html=1;exitX=1;exitY=1;exitDx=0;exitDy=0;entryX=0;entryY=0;entryDx=0;entryDy=0;" edge="1" parent="1" source="9cuP0UydbNUHG_r8ZG4T-32" target="9cuP0UydbNUHG_r8ZG4T-16">
          <mxGeometry width="50" height="50" relative="1" as="geometry">
            <mxPoint x="380" y="210" as="sourcePoint"/>
            <mxPoint x="430" y="160" as="targetPoint"/>
          </mxGeometry>
        </mxCell>
        <mxCell id="9cuP0UydbNUHG_r8ZG4T-48" value="" style="endArrow=classic;html=1;exitX=1;exitY=1;exitDx=0;exitDy=0;entryX=0;entryY=0;entryDx=0;entryDy=0;" edge="1" parent="1" source="9cuP0UydbNUHG_r8ZG4T-32" target="9cuP0UydbNUHG_r8ZG4T-23">
          <mxGeometry width="50" height="50" relative="1" as="geometry">
            <mxPoint x="370" y="290" as="sourcePoint"/>
            <mxPoint x="420" y="240" as="targetPoint"/>
          </mxGeometry>
        </mxCell>
        <mxCell id="9cuP0UydbNUHG_r8ZG4T-49" value="" style="endArrow=classic;html=1;exitX=0;exitY=1;exitDx=0;exitDy=0;entryX=1;entryY=0;entryDx=0;entryDy=0;" edge="1" parent="1" source="9cuP0UydbNUHG_r8ZG4T-34" target="9cuP0UydbNUHG_r8ZG4T-9">
          <mxGeometry width="50" height="50" relative="1" as="geometry">
            <mxPoint x="540" y="230" as="sourcePoint"/>
            <mxPoint x="590" y="180" as="targetPoint"/>
          </mxGeometry>
        </mxCell>
        <mxCell id="9cuP0UydbNUHG_r8ZG4T-50" value="" style="endArrow=classic;html=1;exitX=1;exitY=1;exitDx=0;exitDy=0;entryX=0;entryY=0;entryDx=0;entryDy=0;" edge="1" parent="1" source="9cuP0UydbNUHG_r8ZG4T-34" target="9cuP0UydbNUHG_r8ZG4T-23">
          <mxGeometry width="50" height="50" relative="1" as="geometry">
            <mxPoint x="380" y="220" as="sourcePoint"/>
            <mxPoint x="430" y="170" as="targetPoint"/>
          </mxGeometry>
        </mxCell>
        <mxCell id="9cuP0UydbNUHG_r8ZG4T-51" value="" style="endArrow=classic;html=1;exitX=0;exitY=1;exitDx=0;exitDy=0;entryX=1;entryY=0;entryDx=0;entryDy=0;" edge="1" parent="1" source="9cuP0UydbNUHG_r8ZG4T-34" target="9cuP0UydbNUHG_r8ZG4T-2">
          <mxGeometry width="50" height="50" relative="1" as="geometry">
            <mxPoint x="380" y="230" as="sourcePoint"/>
            <mxPoint x="430" y="180" as="targetPoint"/>
          </mxGeometry>
        </mxCell>
        <mxCell id="9cuP0UydbNUHG_r8ZG4T-52" value="" style="endArrow=classic;html=1;exitX=0;exitY=1;exitDx=0;exitDy=0;entryX=1;entryY=0;entryDx=0;entryDy=0;" edge="1" parent="1" source="9cuP0UydbNUHG_r8ZG4T-36" target="9cuP0UydbNUHG_r8ZG4T-16">
          <mxGeometry width="50" height="50" relative="1" as="geometry">
            <mxPoint x="730" y="330" as="sourcePoint"/>
            <mxPoint x="780" y="280" as="targetPoint"/>
          </mxGeometry>
        </mxCell>
        <mxCell id="9cuP0UydbNUHG_r8ZG4T-53" value="" style="endArrow=classic;html=1;exitX=0;exitY=1;exitDx=0;exitDy=0;entryX=1;entryY=0;entryDx=0;entryDy=0;" edge="1" parent="1" source="9cuP0UydbNUHG_r8ZG4T-36" target="9cuP0UydbNUHG_r8ZG4T-9">
          <mxGeometry width="50" height="50" relative="1" as="geometry">
            <mxPoint x="540" y="260" as="sourcePoint"/>
            <mxPoint x="590" y="210" as="targetPoint"/>
          </mxGeometry>
        </mxCell>
        <mxCell id="9cuP0UydbNUHG_r8ZG4T-54" value="" style="endArrow=classic;html=1;exitX=0;exitY=1;exitDx=0;exitDy=0;entryX=1;entryY=0;entryDx=0;entryDy=0;" edge="1" parent="1" source="9cuP0UydbNUHG_r8ZG4T-36" target="9cuP0UydbNUHG_r8ZG4T-2">
          <mxGeometry width="50" height="50" relative="1" as="geometry">
            <mxPoint x="540" y="220" as="sourcePoint"/>
            <mxPoint x="590" y="170" as="targetPoint"/>
          </mxGeometry>
        </mxCell>
        <mxCell id="9cuP0UydbNUHG_r8ZG4T-56" value="" style="ellipse;whiteSpace=wrap;html=1;aspect=fixed;" vertex="1" parent="1">
          <mxGeometry x="115" y="550" width="80" height="80" as="geometry"/>
        </mxCell>
        <mxCell id="9cuP0UydbNUHG_r8ZG4T-57" value="" style="ellipse;whiteSpace=wrap;html=1;aspect=fixed;" vertex="1" parent="1">
          <mxGeometry x="275" y="550" width="80" height="80" as="geometry"/>
        </mxCell>
        <mxCell id="9cuP0UydbNUHG_r8ZG4T-58" value="" style="ellipse;whiteSpace=wrap;html=1;aspect=fixed;" vertex="1" parent="1">
          <mxGeometry x="435" y="550" width="80" height="80" as="geometry"/>
        </mxCell>
        <mxCell id="9cuP0UydbNUHG_r8ZG4T-59" value="" style="ellipse;whiteSpace=wrap;html=1;aspect=fixed;" vertex="1" parent="1">
          <mxGeometry x="600" y="550" width="80" height="80" as="geometry"/>
        </mxCell>
        <mxCell id="9cuP0UydbNUHG_r8ZG4T-60" value="" style="ellipse;whiteSpace=wrap;html=1;aspect=fixed;" vertex="1" parent="1">
          <mxGeometry x="115" y="440" width="80" height="80" as="geometry"/>
        </mxCell>
        <mxCell id="9cuP0UydbNUHG_r8ZG4T-61" value="" style="endArrow=classic;html=1;exitX=0.5;exitY=1;exitDx=0;exitDy=0;entryX=0.5;entryY=0;entryDx=0;entryDy=0;" edge="1" parent="1" source="9cuP0UydbNUHG_r8ZG4T-60" target="9cuP0UydbNUHG_r8ZG4T-56">
          <mxGeometry width="50" height="50" relative="1" as="geometry">
            <mxPoint x="45" y="550" as="sourcePoint"/>
            <mxPoint x="155" y="560" as="targetPoint"/>
          </mxGeometry>
        </mxCell>
        <mxCell id="9cuP0UydbNUHG_r8ZG4T-62" value="" style="ellipse;whiteSpace=wrap;html=1;aspect=fixed;" vertex="1" parent="1">
          <mxGeometry x="275" y="440" width="80" height="80" as="geometry"/>
        </mxCell>
        <mxCell id="9cuP0UydbNUHG_r8ZG4T-63" value="" style="endArrow=classic;html=1;exitX=0.5;exitY=1;exitDx=0;exitDy=0;entryX=0.5;entryY=0;entryDx=0;entryDy=0;" edge="1" parent="1" source="9cuP0UydbNUHG_r8ZG4T-62" target="9cuP0UydbNUHG_r8ZG4T-57">
          <mxGeometry width="50" height="50" relative="1" as="geometry">
            <mxPoint x="205" y="550" as="sourcePoint"/>
            <mxPoint x="315" y="560" as="targetPoint"/>
          </mxGeometry>
        </mxCell>
        <mxCell id="9cuP0UydbNUHG_r8ZG4T-64" value="" style="ellipse;whiteSpace=wrap;html=1;aspect=fixed;" vertex="1" parent="1">
          <mxGeometry x="435" y="440" width="80" height="80" as="geometry"/>
        </mxCell>
        <mxCell id="9cuP0UydbNUHG_r8ZG4T-65" value="" style="endArrow=classic;html=1;exitX=0.5;exitY=1;exitDx=0;exitDy=0;entryX=0.5;entryY=0;entryDx=0;entryDy=0;" edge="1" parent="1" source="9cuP0UydbNUHG_r8ZG4T-64" target="9cuP0UydbNUHG_r8ZG4T-58">
          <mxGeometry width="50" height="50" relative="1" as="geometry">
            <mxPoint x="365" y="550" as="sourcePoint"/>
            <mxPoint x="475" y="560" as="targetPoint"/>
          </mxGeometry>
        </mxCell>
        <mxCell id="9cuP0UydbNUHG_r8ZG4T-66" value="" style="ellipse;whiteSpace=wrap;html=1;aspect=fixed;" vertex="1" parent="1">
          <mxGeometry x="600" y="440" width="80" height="80" as="geometry"/>
        </mxCell>
        <mxCell id="9cuP0UydbNUHG_r8ZG4T-67" value="" style="endArrow=classic;html=1;exitX=0.5;exitY=1;exitDx=0;exitDy=0;entryX=0.5;entryY=0;entryDx=0;entryDy=0;" edge="1" parent="1" source="9cuP0UydbNUHG_r8ZG4T-66" target="9cuP0UydbNUHG_r8ZG4T-59">
          <mxGeometry width="50" height="50" relative="1" as="geometry">
            <mxPoint x="530" y="550" as="sourcePoint"/>
            <mxPoint x="640" y="560" as="targetPoint"/>
          </mxGeometry>
        </mxCell>
        <mxCell id="9cuP0UydbNUHG_r8ZG4T-68" value="" style="endArrow=classic;html=1;exitX=1;exitY=1;exitDx=0;exitDy=0;entryX=0;entryY=0;entryDx=0;entryDy=0;" edge="1" parent="1" source="9cuP0UydbNUHG_r8ZG4T-60" target="9cuP0UydbNUHG_r8ZG4T-57">
          <mxGeometry width="50" height="50" relative="1" as="geometry">
            <mxPoint x="220" y="570" as="sourcePoint"/>
            <mxPoint x="270" y="520" as="targetPoint"/>
          </mxGeometry>
        </mxCell>
        <mxCell id="9cuP0UydbNUHG_r8ZG4T-69" value="" style="endArrow=classic;html=1;exitX=1;exitY=1;exitDx=0;exitDy=0;entryX=0;entryY=0;entryDx=0;entryDy=0;" edge="1" parent="1" source="9cuP0UydbNUHG_r8ZG4T-60" target="9cuP0UydbNUHG_r8ZG4T-58">
          <mxGeometry width="50" height="50" relative="1" as="geometry">
            <mxPoint x="210" y="510" as="sourcePoint"/>
            <mxPoint x="260" y="460" as="targetPoint"/>
          </mxGeometry>
        </mxCell>
        <mxCell id="9cuP0UydbNUHG_r8ZG4T-70" value="" style="endArrow=classic;html=1;exitX=1;exitY=1;exitDx=0;exitDy=0;entryX=0;entryY=0;entryDx=0;entryDy=0;" edge="1" parent="1" source="9cuP0UydbNUHG_r8ZG4T-60" target="9cuP0UydbNUHG_r8ZG4T-59">
          <mxGeometry width="50" height="50" relative="1" as="geometry">
            <mxPoint x="530" y="570" as="sourcePoint"/>
            <mxPoint x="580" y="520" as="targetPoint"/>
          </mxGeometry>
        </mxCell>
        <mxCell id="9cuP0UydbNUHG_r8ZG4T-71" value="" style="endArrow=classic;html=1;exitX=0;exitY=1;exitDx=0;exitDy=0;entryX=1;entryY=0;entryDx=0;entryDy=0;" edge="1" parent="1" source="9cuP0UydbNUHG_r8ZG4T-62" target="9cuP0UydbNUHG_r8ZG4T-56">
          <mxGeometry width="50" height="50" relative="1" as="geometry">
            <mxPoint x="30" y="540" as="sourcePoint"/>
            <mxPoint x="80" y="490" as="targetPoint"/>
          </mxGeometry>
        </mxCell>
        <mxCell id="9cuP0UydbNUHG_r8ZG4T-72" value="" style="endArrow=classic;html=1;exitX=1;exitY=1;exitDx=0;exitDy=0;entryX=0;entryY=0;entryDx=0;entryDy=0;" edge="1" parent="1" source="9cuP0UydbNUHG_r8ZG4T-62" target="9cuP0UydbNUHG_r8ZG4T-58">
          <mxGeometry width="50" height="50" relative="1" as="geometry">
            <mxPoint x="380" y="450" as="sourcePoint"/>
            <mxPoint x="430" y="400" as="targetPoint"/>
          </mxGeometry>
        </mxCell>
        <mxCell id="9cuP0UydbNUHG_r8ZG4T-73" value="" style="endArrow=classic;html=1;exitX=1;exitY=1;exitDx=0;exitDy=0;entryX=0;entryY=0;entryDx=0;entryDy=0;" edge="1" parent="1" source="9cuP0UydbNUHG_r8ZG4T-62" target="9cuP0UydbNUHG_r8ZG4T-59">
          <mxGeometry width="50" height="50" relative="1" as="geometry">
            <mxPoint x="370" y="530" as="sourcePoint"/>
            <mxPoint x="420" y="480" as="targetPoint"/>
          </mxGeometry>
        </mxCell>
        <mxCell id="9cuP0UydbNUHG_r8ZG4T-74" value="" style="endArrow=classic;html=1;exitX=0;exitY=1;exitDx=0;exitDy=0;entryX=1;entryY=0;entryDx=0;entryDy=0;" edge="1" parent="1" source="9cuP0UydbNUHG_r8ZG4T-64" target="9cuP0UydbNUHG_r8ZG4T-57">
          <mxGeometry width="50" height="50" relative="1" as="geometry">
            <mxPoint x="540" y="470" as="sourcePoint"/>
            <mxPoint x="590" y="420" as="targetPoint"/>
          </mxGeometry>
        </mxCell>
        <mxCell id="9cuP0UydbNUHG_r8ZG4T-75" value="" style="endArrow=classic;html=1;exitX=1;exitY=1;exitDx=0;exitDy=0;entryX=0;entryY=0;entryDx=0;entryDy=0;" edge="1" parent="1" source="9cuP0UydbNUHG_r8ZG4T-64" target="9cuP0UydbNUHG_r8ZG4T-59">
          <mxGeometry width="50" height="50" relative="1" as="geometry">
            <mxPoint x="380" y="460" as="sourcePoint"/>
            <mxPoint x="430" y="410" as="targetPoint"/>
          </mxGeometry>
        </mxCell>
        <mxCell id="9cuP0UydbNUHG_r8ZG4T-76" value="" style="endArrow=classic;html=1;exitX=0;exitY=1;exitDx=0;exitDy=0;entryX=1;entryY=0;entryDx=0;entryDy=0;" edge="1" parent="1" source="9cuP0UydbNUHG_r8ZG4T-64" target="9cuP0UydbNUHG_r8ZG4T-56">
          <mxGeometry width="50" height="50" relative="1" as="geometry">
            <mxPoint x="380" y="470" as="sourcePoint"/>
            <mxPoint x="430" y="420" as="targetPoint"/>
          </mxGeometry>
        </mxCell>
        <mxCell id="9cuP0UydbNUHG_r8ZG4T-77" value="" style="endArrow=classic;html=1;exitX=0;exitY=1;exitDx=0;exitDy=0;entryX=1;entryY=0;entryDx=0;entryDy=0;" edge="1" parent="1" source="9cuP0UydbNUHG_r8ZG4T-66" target="9cuP0UydbNUHG_r8ZG4T-58">
          <mxGeometry width="50" height="50" relative="1" as="geometry">
            <mxPoint x="730" y="570" as="sourcePoint"/>
            <mxPoint x="780" y="520" as="targetPoint"/>
          </mxGeometry>
        </mxCell>
        <mxCell id="9cuP0UydbNUHG_r8ZG4T-78" value="" style="endArrow=classic;html=1;exitX=0;exitY=1;exitDx=0;exitDy=0;entryX=1;entryY=0;entryDx=0;entryDy=0;" edge="1" parent="1" source="9cuP0UydbNUHG_r8ZG4T-66" target="9cuP0UydbNUHG_r8ZG4T-57">
          <mxGeometry width="50" height="50" relative="1" as="geometry">
            <mxPoint x="540" y="500" as="sourcePoint"/>
            <mxPoint x="590" y="450" as="targetPoint"/>
          </mxGeometry>
        </mxCell>
        <mxCell id="9cuP0UydbNUHG_r8ZG4T-79" value="" style="endArrow=classic;html=1;exitX=0;exitY=1;exitDx=0;exitDy=0;entryX=1;entryY=0;entryDx=0;entryDy=0;" edge="1" parent="1" source="9cuP0UydbNUHG_r8ZG4T-66" target="9cuP0UydbNUHG_r8ZG4T-56">
          <mxGeometry width="50" height="50" relative="1" as="geometry">
            <mxPoint x="540" y="460" as="sourcePoint"/>
            <mxPoint x="590" y="410" as="targetPoint"/>
          </mxGeometry>
        </mxCell>
        <mxCell id="9cuP0UydbNUHG_r8ZG4T-80" value="" style="endArrow=classic;html=1;exitX=1;exitY=1;exitDx=0;exitDy=0;entryX=0;entryY=0;entryDx=0;entryDy=0;" edge="1" parent="1" source="9cuP0UydbNUHG_r8ZG4T-2" target="9cuP0UydbNUHG_r8ZG4T-62">
          <mxGeometry width="50" height="50" relative="1" as="geometry">
            <mxPoint x="60" y="440" as="sourcePoint"/>
            <mxPoint x="110" y="390" as="targetPoint"/>
          </mxGeometry>
        </mxCell>
        <mxCell id="9cuP0UydbNUHG_r8ZG4T-81" value="" style="endArrow=classic;html=1;exitX=1;exitY=1;exitDx=0;exitDy=0;entryX=0;entryY=0;entryDx=0;entryDy=0;" edge="1" parent="1" source="9cuP0UydbNUHG_r8ZG4T-2" target="9cuP0UydbNUHG_r8ZG4T-64">
          <mxGeometry width="50" height="50" relative="1" as="geometry">
            <mxPoint x="30" y="440" as="sourcePoint"/>
            <mxPoint x="80" y="390" as="targetPoint"/>
          </mxGeometry>
        </mxCell>
        <mxCell id="9cuP0UydbNUHG_r8ZG4T-82" value="" style="endArrow=classic;html=1;exitX=1;exitY=1;exitDx=0;exitDy=0;entryX=0;entryY=0;entryDx=0;entryDy=0;" edge="1" parent="1" source="9cuP0UydbNUHG_r8ZG4T-2" target="9cuP0UydbNUHG_r8ZG4T-66">
          <mxGeometry width="50" height="50" relative="1" as="geometry">
            <mxPoint x="50" y="460" as="sourcePoint"/>
            <mxPoint x="100" y="410" as="targetPoint"/>
          </mxGeometry>
        </mxCell>
        <mxCell id="9cuP0UydbNUHG_r8ZG4T-83" value="" style="endArrow=classic;html=1;exitX=0;exitY=1;exitDx=0;exitDy=0;entryX=1;entryY=0;entryDx=0;entryDy=0;" edge="1" parent="1" source="9cuP0UydbNUHG_r8ZG4T-9" target="9cuP0UydbNUHG_r8ZG4T-60">
          <mxGeometry width="50" height="50" relative="1" as="geometry">
            <mxPoint x="30" y="450" as="sourcePoint"/>
            <mxPoint x="80" y="400" as="targetPoint"/>
          </mxGeometry>
        </mxCell>
        <mxCell id="9cuP0UydbNUHG_r8ZG4T-84" value="" style="endArrow=classic;html=1;exitX=1;exitY=1;exitDx=0;exitDy=0;entryX=0;entryY=0;entryDx=0;entryDy=0;" edge="1" parent="1" source="9cuP0UydbNUHG_r8ZG4T-9" target="9cuP0UydbNUHG_r8ZG4T-64">
          <mxGeometry width="50" height="50" relative="1" as="geometry">
            <mxPoint x="40" y="460" as="sourcePoint"/>
            <mxPoint x="90" y="410" as="targetPoint"/>
          </mxGeometry>
        </mxCell>
        <mxCell id="9cuP0UydbNUHG_r8ZG4T-85" value="" style="endArrow=classic;html=1;exitX=1;exitY=1;exitDx=0;exitDy=0;entryX=0;entryY=0;entryDx=0;entryDy=0;" edge="1" parent="1" source="9cuP0UydbNUHG_r8ZG4T-9" target="9cuP0UydbNUHG_r8ZG4T-66">
          <mxGeometry width="50" height="50" relative="1" as="geometry">
            <mxPoint x="90" y="440" as="sourcePoint"/>
            <mxPoint x="140" y="390" as="targetPoint"/>
          </mxGeometry>
        </mxCell>
        <mxCell id="9cuP0UydbNUHG_r8ZG4T-86" value="" style="endArrow=classic;html=1;exitX=0;exitY=1;exitDx=0;exitDy=0;entryX=1;entryY=0;entryDx=0;entryDy=0;" edge="1" parent="1" source="9cuP0UydbNUHG_r8ZG4T-16" target="9cuP0UydbNUHG_r8ZG4T-60">
          <mxGeometry width="50" height="50" relative="1" as="geometry">
            <mxPoint x="-10" y="460" as="sourcePoint"/>
            <mxPoint x="40" y="410" as="targetPoint"/>
          </mxGeometry>
        </mxCell>
        <mxCell id="9cuP0UydbNUHG_r8ZG4T-87" value="" style="endArrow=classic;html=1;exitX=0;exitY=1;exitDx=0;exitDy=0;entryX=1;entryY=0;entryDx=0;entryDy=0;" edge="1" parent="1" source="9cuP0UydbNUHG_r8ZG4T-16" target="9cuP0UydbNUHG_r8ZG4T-62">
          <mxGeometry width="50" height="50" relative="1" as="geometry">
            <mxPoint x="40" y="440" as="sourcePoint"/>
            <mxPoint x="90" y="390" as="targetPoint"/>
          </mxGeometry>
        </mxCell>
        <mxCell id="9cuP0UydbNUHG_r8ZG4T-88" value="" style="endArrow=classic;html=1;exitX=1;exitY=1;exitDx=0;exitDy=0;entryX=0;entryY=0;entryDx=0;entryDy=0;" edge="1" parent="1" source="9cuP0UydbNUHG_r8ZG4T-16" target="9cuP0UydbNUHG_r8ZG4T-66">
          <mxGeometry width="50" height="50" relative="1" as="geometry">
            <mxPoint x="50" y="450" as="sourcePoint"/>
            <mxPoint x="100" y="400" as="targetPoint"/>
          </mxGeometry>
        </mxCell>
        <mxCell id="9cuP0UydbNUHG_r8ZG4T-89" value="" style="endArrow=classic;html=1;exitX=0;exitY=1;exitDx=0;exitDy=0;entryX=1;entryY=0;entryDx=0;entryDy=0;" edge="1" parent="1" source="9cuP0UydbNUHG_r8ZG4T-23" target="9cuP0UydbNUHG_r8ZG4T-64">
          <mxGeometry width="50" height="50" relative="1" as="geometry">
            <mxPoint x="750" y="450" as="sourcePoint"/>
            <mxPoint x="800" y="400" as="targetPoint"/>
          </mxGeometry>
        </mxCell>
        <mxCell id="9cuP0UydbNUHG_r8ZG4T-90" value="" style="endArrow=classic;html=1;exitX=0;exitY=1;exitDx=0;exitDy=0;entryX=1;entryY=0;entryDx=0;entryDy=0;" edge="1" parent="1" source="9cuP0UydbNUHG_r8ZG4T-23" target="9cuP0UydbNUHG_r8ZG4T-62">
          <mxGeometry width="50" height="50" relative="1" as="geometry">
            <mxPoint x="20" y="470" as="sourcePoint"/>
            <mxPoint x="70" y="420" as="targetPoint"/>
          </mxGeometry>
        </mxCell>
        <mxCell id="9cuP0UydbNUHG_r8ZG4T-91" value="" style="endArrow=classic;html=1;exitX=0;exitY=1;exitDx=0;exitDy=0;entryX=1;entryY=0;entryDx=0;entryDy=0;" edge="1" parent="1" source="9cuP0UydbNUHG_r8ZG4T-23" target="9cuP0UydbNUHG_r8ZG4T-60">
          <mxGeometry width="50" height="50" relative="1" as="geometry">
            <mxPoint x="60" y="450" as="sourcePoint"/>
            <mxPoint x="110" y="400" as="targetPoint"/>
          </mxGeometry>
        </mxCell>
        <mxCell id="9cuP0UydbNUHG_r8ZG4T-92" value="" style="endArrow=classic;html=1;exitX=1;exitY=1;exitDx=0;exitDy=0;entryX=0;entryY=0;entryDx=0;entryDy=0;" edge="1" parent="1" source="9cuP0UydbNUHG_r8ZG4T-56" target="9cuP0UydbNUHG_r8ZG4T-13">
          <mxGeometry width="50" height="50" relative="1" as="geometry">
            <mxPoint x="60" y="670" as="sourcePoint"/>
            <mxPoint x="110" y="620" as="targetPoint"/>
          </mxGeometry>
        </mxCell>
        <mxCell id="9cuP0UydbNUHG_r8ZG4T-93" value="" style="endArrow=classic;html=1;exitX=1;exitY=1;exitDx=0;exitDy=0;entryX=0;entryY=0;entryDx=0;entryDy=0;" edge="1" parent="1" source="9cuP0UydbNUHG_r8ZG4T-56" target="9cuP0UydbNUHG_r8ZG4T-20">
          <mxGeometry width="50" height="50" relative="1" as="geometry">
            <mxPoint x="70" y="680" as="sourcePoint"/>
            <mxPoint x="120" y="630" as="targetPoint"/>
          </mxGeometry>
        </mxCell>
        <mxCell id="9cuP0UydbNUHG_r8ZG4T-94" value="" style="endArrow=classic;html=1;exitX=1;exitY=1;exitDx=0;exitDy=0;entryX=0;entryY=0;entryDx=0;entryDy=0;" edge="1" parent="1" source="9cuP0UydbNUHG_r8ZG4T-56" target="9cuP0UydbNUHG_r8ZG4T-27">
          <mxGeometry width="50" height="50" relative="1" as="geometry">
            <mxPoint x="30" y="710" as="sourcePoint"/>
            <mxPoint x="80" y="660" as="targetPoint"/>
          </mxGeometry>
        </mxCell>
        <mxCell id="9cuP0UydbNUHG_r8ZG4T-95" value="" style="endArrow=classic;html=1;exitX=0;exitY=1;exitDx=0;exitDy=0;entryX=1;entryY=0;entryDx=0;entryDy=0;" edge="1" parent="1" source="9cuP0UydbNUHG_r8ZG4T-57" target="9cuP0UydbNUHG_r8ZG4T-6">
          <mxGeometry width="50" height="50" relative="1" as="geometry">
            <mxPoint x="80" y="690" as="sourcePoint"/>
            <mxPoint x="130" y="640" as="targetPoint"/>
          </mxGeometry>
        </mxCell>
        <mxCell id="9cuP0UydbNUHG_r8ZG4T-96" value="" style="endArrow=classic;html=1;exitX=1;exitY=1;exitDx=0;exitDy=0;entryX=0;entryY=0;entryDx=0;entryDy=0;" edge="1" parent="1" source="9cuP0UydbNUHG_r8ZG4T-57" target="9cuP0UydbNUHG_r8ZG4T-20">
          <mxGeometry width="50" height="50" relative="1" as="geometry">
            <mxPoint x="50" y="690" as="sourcePoint"/>
            <mxPoint x="100" y="640" as="targetPoint"/>
          </mxGeometry>
        </mxCell>
        <mxCell id="9cuP0UydbNUHG_r8ZG4T-97" value="" style="endArrow=classic;html=1;exitX=1;exitY=1;exitDx=0;exitDy=0;entryX=0;entryY=0;entryDx=0;entryDy=0;" edge="1" parent="1" source="9cuP0UydbNUHG_r8ZG4T-57" target="9cuP0UydbNUHG_r8ZG4T-27">
          <mxGeometry width="50" height="50" relative="1" as="geometry">
            <mxPoint x="10" y="680" as="sourcePoint"/>
            <mxPoint x="60" y="630" as="targetPoint"/>
          </mxGeometry>
        </mxCell>
        <mxCell id="9cuP0UydbNUHG_r8ZG4T-98" value="" style="endArrow=classic;html=1;exitX=0;exitY=1;exitDx=0;exitDy=0;entryX=1;entryY=0;entryDx=0;entryDy=0;" edge="1" parent="1" source="9cuP0UydbNUHG_r8ZG4T-58" target="9cuP0UydbNUHG_r8ZG4T-6">
          <mxGeometry width="50" height="50" relative="1" as="geometry">
            <mxPoint x="30" y="710" as="sourcePoint"/>
            <mxPoint x="80" y="660" as="targetPoint"/>
          </mxGeometry>
        </mxCell>
        <mxCell id="9cuP0UydbNUHG_r8ZG4T-99" value="" style="endArrow=classic;html=1;exitX=0;exitY=1;exitDx=0;exitDy=0;entryX=1;entryY=0;entryDx=0;entryDy=0;" edge="1" parent="1" source="9cuP0UydbNUHG_r8ZG4T-58" target="9cuP0UydbNUHG_r8ZG4T-13">
          <mxGeometry width="50" height="50" relative="1" as="geometry">
            <mxPoint x="10" y="700" as="sourcePoint"/>
            <mxPoint x="60" y="650" as="targetPoint"/>
          </mxGeometry>
        </mxCell>
        <mxCell id="9cuP0UydbNUHG_r8ZG4T-100" value="" style="endArrow=classic;html=1;exitX=1;exitY=1;exitDx=0;exitDy=0;entryX=0;entryY=0;entryDx=0;entryDy=0;" edge="1" parent="1" source="9cuP0UydbNUHG_r8ZG4T-58" target="9cuP0UydbNUHG_r8ZG4T-27">
          <mxGeometry width="50" height="50" relative="1" as="geometry">
            <mxPoint x="40" y="710" as="sourcePoint"/>
            <mxPoint x="90" y="660" as="targetPoint"/>
          </mxGeometry>
        </mxCell>
        <mxCell id="9cuP0UydbNUHG_r8ZG4T-101" value="" style="endArrow=classic;html=1;exitX=0;exitY=1;exitDx=0;exitDy=0;entryX=1;entryY=0;entryDx=0;entryDy=0;" edge="1" parent="1" source="9cuP0UydbNUHG_r8ZG4T-59" target="9cuP0UydbNUHG_r8ZG4T-20">
          <mxGeometry width="50" height="50" relative="1" as="geometry">
            <mxPoint x="720" y="660" as="sourcePoint"/>
            <mxPoint x="770" y="610" as="targetPoint"/>
          </mxGeometry>
        </mxCell>
        <mxCell id="9cuP0UydbNUHG_r8ZG4T-102" value="" style="endArrow=classic;html=1;exitX=0;exitY=1;exitDx=0;exitDy=0;entryX=1;entryY=0;entryDx=0;entryDy=0;" edge="1" parent="1" source="9cuP0UydbNUHG_r8ZG4T-59" target="9cuP0UydbNUHG_r8ZG4T-13">
          <mxGeometry width="50" height="50" relative="1" as="geometry">
            <mxPoint x="30" y="690" as="sourcePoint"/>
            <mxPoint x="80" y="640" as="targetPoint"/>
          </mxGeometry>
        </mxCell>
        <mxCell id="9cuP0UydbNUHG_r8ZG4T-103" value="" style="endArrow=classic;html=1;exitX=0;exitY=1;exitDx=0;exitDy=0;entryX=1;entryY=0;entryDx=0;entryDy=0;" edge="1" parent="1" source="9cuP0UydbNUHG_r8ZG4T-59" target="9cuP0UydbNUHG_r8ZG4T-6">
          <mxGeometry width="50" height="50" relative="1" as="geometry">
            <mxPoint x="60" y="690" as="sourcePoint"/>
            <mxPoint x="110" y="640" as="targetPoint"/>
          </mxGeometry>
        </mxCell>
      </root>
    </mxGraphModel>
  </diagram>
</mxfile>
