<?xml version="1.0" encoding="UTF-8"?>
<mxfile host="www.draw.io" modified="2020-01-07T23:40:00.159Z" agent="Mozilla/5.0 (Windows NT 10.0; Win64; x64; rv:71.0) Gecko/20100101 Firefox/71.0" etag="aQZ-Vv25D0--UlOxeuK-" version="12.4.9" type="device">
  <diagram id="M6iGYlxVYsBDVYjaIcJ5" name="Page-1">
    <mxGraphModel dx="1264" dy="561" grid="1" gridSize="10" guides="1" tooltips="1" connect="1" arrows="1" fold="1" page="1" pageScale="1" pageWidth="850" pageHeight="1100" math="0" shadow="0">
      <root>
        <mxCell id="0"/>
        <mxCell id="1" parent="0"/>
        <mxCell id="9cuP0UydbNUHG_r8ZG4T-1" value="start" style="ellipse;whiteSpace=wrap;html=1;aspect=fixed;" vertex="1" parent="1">
          <mxGeometry x="360" y="40" width="80" height="80" as="geometry"/>
        </mxCell>
        <mxCell id="9cuP0UydbNUHG_r8ZG4T-2" value="" style="ellipse;whiteSpace=wrap;html=1;aspect=fixed;" vertex="1" parent="1">
          <mxGeometry x="115" y="310" width="80" height="80" as="geometry"/>
        </mxCell>
        <mxCell id="9cuP0UydbNUHG_r8ZG4T-3" value="" style="ellipse;whiteSpace=wrap;html=1;aspect=fixed;" vertex="1" parent="1">
          <mxGeometry x="115" y="430" width="80" height="80" as="geometry"/>
        </mxCell>
        <mxCell id="9cuP0UydbNUHG_r8ZG4T-4" value="" style="endArrow=classic;html=1;exitX=0.5;exitY=1;exitDx=0;exitDy=0;entryX=0.5;entryY=0;entryDx=0;entryDy=0;" edge="1" parent="1" source="9cuP0UydbNUHG_r8ZG4T-2" target="9cuP0UydbNUHG_r8ZG4T-3">
          <mxGeometry width="50" height="50" relative="1" as="geometry">
            <mxPoint x="45" y="420" as="sourcePoint"/>
            <mxPoint x="95" y="370" as="targetPoint"/>
          </mxGeometry>
        </mxCell>
        <mxCell id="9cuP0UydbNUHG_r8ZG4T-5" value="" style="ellipse;whiteSpace=wrap;html=1;aspect=fixed;" vertex="1" parent="1">
          <mxGeometry x="115" y="550" width="80" height="80" as="geometry"/>
        </mxCell>
        <mxCell id="9cuP0UydbNUHG_r8ZG4T-6" value="ending_1" style="ellipse;whiteSpace=wrap;html=1;aspect=fixed;" vertex="1" parent="1">
          <mxGeometry x="115" y="670" width="80" height="80" as="geometry"/>
        </mxCell>
        <mxCell id="9cuP0UydbNUHG_r8ZG4T-7" value="" style="endArrow=classic;html=1;exitX=0.5;exitY=1;exitDx=0;exitDy=0;entryX=0.5;entryY=0;entryDx=0;entryDy=0;" edge="1" parent="1" source="9cuP0UydbNUHG_r8ZG4T-3" target="9cuP0UydbNUHG_r8ZG4T-5">
          <mxGeometry width="50" height="50" relative="1" as="geometry">
            <mxPoint x="425" y="500" as="sourcePoint"/>
            <mxPoint x="475" y="450" as="targetPoint"/>
          </mxGeometry>
        </mxCell>
        <mxCell id="9cuP0UydbNUHG_r8ZG4T-8" value="" style="endArrow=classic;html=1;exitX=0.5;exitY=1;exitDx=0;exitDy=0;entryX=0.5;entryY=0;entryDx=0;entryDy=0;" edge="1" parent="1" source="9cuP0UydbNUHG_r8ZG4T-5" target="9cuP0UydbNUHG_r8ZG4T-6">
          <mxGeometry width="50" height="50" relative="1" as="geometry">
            <mxPoint x="455" y="550" as="sourcePoint"/>
            <mxPoint x="505" y="500" as="targetPoint"/>
          </mxGeometry>
        </mxCell>
        <mxCell id="9cuP0UydbNUHG_r8ZG4T-9" value="" style="ellipse;whiteSpace=wrap;html=1;aspect=fixed;" vertex="1" parent="1">
          <mxGeometry x="275" y="310" width="80" height="80" as="geometry"/>
        </mxCell>
        <mxCell id="9cuP0UydbNUHG_r8ZG4T-10" value="" style="ellipse;whiteSpace=wrap;html=1;aspect=fixed;" vertex="1" parent="1">
          <mxGeometry x="275" y="430" width="80" height="80" as="geometry"/>
        </mxCell>
        <mxCell id="9cuP0UydbNUHG_r8ZG4T-11" value="" style="endArrow=classic;html=1;exitX=0.5;exitY=1;exitDx=0;exitDy=0;entryX=0.5;entryY=0;entryDx=0;entryDy=0;" edge="1" parent="1" source="9cuP0UydbNUHG_r8ZG4T-9" target="9cuP0UydbNUHG_r8ZG4T-10">
          <mxGeometry width="50" height="50" relative="1" as="geometry">
            <mxPoint x="205" y="420" as="sourcePoint"/>
            <mxPoint x="255" y="370" as="targetPoint"/>
          </mxGeometry>
        </mxCell>
        <mxCell id="9cuP0UydbNUHG_r8ZG4T-12" value="" style="ellipse;whiteSpace=wrap;html=1;aspect=fixed;" vertex="1" parent="1">
          <mxGeometry x="275" y="550" width="80" height="80" as="geometry"/>
        </mxCell>
        <mxCell id="9cuP0UydbNUHG_r8ZG4T-13" value="ending_2" style="ellipse;whiteSpace=wrap;html=1;aspect=fixed;" vertex="1" parent="1">
          <mxGeometry x="275" y="670" width="80" height="80" as="geometry"/>
        </mxCell>
        <mxCell id="9cuP0UydbNUHG_r8ZG4T-14" value="" style="endArrow=classic;html=1;exitX=0.5;exitY=1;exitDx=0;exitDy=0;entryX=0.5;entryY=0;entryDx=0;entryDy=0;" edge="1" parent="1" source="9cuP0UydbNUHG_r8ZG4T-10" target="9cuP0UydbNUHG_r8ZG4T-12">
          <mxGeometry width="50" height="50" relative="1" as="geometry">
            <mxPoint x="585" y="500" as="sourcePoint"/>
            <mxPoint x="635" y="450" as="targetPoint"/>
          </mxGeometry>
        </mxCell>
        <mxCell id="9cuP0UydbNUHG_r8ZG4T-15" value="" style="endArrow=classic;html=1;exitX=0.5;exitY=1;exitDx=0;exitDy=0;entryX=0.5;entryY=0;entryDx=0;entryDy=0;" edge="1" parent="1" source="9cuP0UydbNUHG_r8ZG4T-12" target="9cuP0UydbNUHG_r8ZG4T-13">
          <mxGeometry width="50" height="50" relative="1" as="geometry">
            <mxPoint x="615" y="550" as="sourcePoint"/>
            <mxPoint x="665" y="500" as="targetPoint"/>
          </mxGeometry>
        </mxCell>
        <mxCell id="9cuP0UydbNUHG_r8ZG4T-16" value="" style="ellipse;whiteSpace=wrap;html=1;aspect=fixed;" vertex="1" parent="1">
          <mxGeometry x="435" y="310" width="80" height="80" as="geometry"/>
        </mxCell>
        <mxCell id="9cuP0UydbNUHG_r8ZG4T-17" value="" style="ellipse;whiteSpace=wrap;html=1;aspect=fixed;" vertex="1" parent="1">
          <mxGeometry x="435" y="430" width="80" height="80" as="geometry"/>
        </mxCell>
        <mxCell id="9cuP0UydbNUHG_r8ZG4T-18" value="" style="endArrow=classic;html=1;exitX=0.5;exitY=1;exitDx=0;exitDy=0;entryX=0.5;entryY=0;entryDx=0;entryDy=0;" edge="1" parent="1" source="9cuP0UydbNUHG_r8ZG4T-16" target="9cuP0UydbNUHG_r8ZG4T-17">
          <mxGeometry width="50" height="50" relative="1" as="geometry">
            <mxPoint x="365" y="420" as="sourcePoint"/>
            <mxPoint x="415" y="370" as="targetPoint"/>
          </mxGeometry>
        </mxCell>
        <mxCell id="9cuP0UydbNUHG_r8ZG4T-19" value="" style="ellipse;whiteSpace=wrap;html=1;aspect=fixed;" vertex="1" parent="1">
          <mxGeometry x="435" y="550" width="80" height="80" as="geometry"/>
        </mxCell>
        <mxCell id="9cuP0UydbNUHG_r8ZG4T-20" value="ending_3" style="ellipse;whiteSpace=wrap;html=1;aspect=fixed;" vertex="1" parent="1">
          <mxGeometry x="435" y="670" width="80" height="80" as="geometry"/>
        </mxCell>
        <mxCell id="9cuP0UydbNUHG_r8ZG4T-21" value="" style="endArrow=classic;html=1;exitX=0.5;exitY=1;exitDx=0;exitDy=0;entryX=0.5;entryY=0;entryDx=0;entryDy=0;" edge="1" parent="1" source="9cuP0UydbNUHG_r8ZG4T-17" target="9cuP0UydbNUHG_r8ZG4T-19">
          <mxGeometry width="50" height="50" relative="1" as="geometry">
            <mxPoint x="745" y="500" as="sourcePoint"/>
            <mxPoint x="795" y="450" as="targetPoint"/>
          </mxGeometry>
        </mxCell>
        <mxCell id="9cuP0UydbNUHG_r8ZG4T-22" value="" style="endArrow=classic;html=1;exitX=0.5;exitY=1;exitDx=0;exitDy=0;entryX=0.5;entryY=0;entryDx=0;entryDy=0;" edge="1" parent="1" source="9cuP0UydbNUHG_r8ZG4T-19" target="9cuP0UydbNUHG_r8ZG4T-20">
          <mxGeometry width="50" height="50" relative="1" as="geometry">
            <mxPoint x="775" y="550" as="sourcePoint"/>
            <mxPoint x="825" y="500" as="targetPoint"/>
          </mxGeometry>
        </mxCell>
        <mxCell id="9cuP0UydbNUHG_r8ZG4T-23" value="" style="ellipse;whiteSpace=wrap;html=1;aspect=fixed;" vertex="1" parent="1">
          <mxGeometry x="600" y="310" width="80" height="80" as="geometry"/>
        </mxCell>
        <mxCell id="9cuP0UydbNUHG_r8ZG4T-24" value="" style="ellipse;whiteSpace=wrap;html=1;aspect=fixed;" vertex="1" parent="1">
          <mxGeometry x="600" y="430" width="80" height="80" as="geometry"/>
        </mxCell>
        <mxCell id="9cuP0UydbNUHG_r8ZG4T-25" value="" style="endArrow=classic;html=1;exitX=0.5;exitY=1;exitDx=0;exitDy=0;entryX=0.5;entryY=0;entryDx=0;entryDy=0;" edge="1" parent="1" source="9cuP0UydbNUHG_r8ZG4T-23" target="9cuP0UydbNUHG_r8ZG4T-24">
          <mxGeometry width="50" height="50" relative="1" as="geometry">
            <mxPoint x="530" y="420" as="sourcePoint"/>
            <mxPoint x="580" y="370" as="targetPoint"/>
          </mxGeometry>
        </mxCell>
        <mxCell id="9cuP0UydbNUHG_r8ZG4T-26" value="" style="ellipse;whiteSpace=wrap;html=1;aspect=fixed;" vertex="1" parent="1">
          <mxGeometry x="600" y="550" width="80" height="80" as="geometry"/>
        </mxCell>
        <mxCell id="9cuP0UydbNUHG_r8ZG4T-27" value="ending_4" style="ellipse;whiteSpace=wrap;html=1;aspect=fixed;" vertex="1" parent="1">
          <mxGeometry x="600" y="670" width="80" height="80" as="geometry"/>
        </mxCell>
        <mxCell id="9cuP0UydbNUHG_r8ZG4T-28" value="" style="endArrow=classic;html=1;exitX=0.5;exitY=1;exitDx=0;exitDy=0;entryX=0.5;entryY=0;entryDx=0;entryDy=0;" edge="1" parent="1" source="9cuP0UydbNUHG_r8ZG4T-24" target="9cuP0UydbNUHG_r8ZG4T-26">
          <mxGeometry width="50" height="50" relative="1" as="geometry">
            <mxPoint x="910" y="500" as="sourcePoint"/>
            <mxPoint x="960" y="450" as="targetPoint"/>
          </mxGeometry>
        </mxCell>
        <mxCell id="9cuP0UydbNUHG_r8ZG4T-29" value="" style="endArrow=classic;html=1;exitX=0.5;exitY=1;exitDx=0;exitDy=0;entryX=0.5;entryY=0;entryDx=0;entryDy=0;" edge="1" parent="1" source="9cuP0UydbNUHG_r8ZG4T-26" target="9cuP0UydbNUHG_r8ZG4T-27">
          <mxGeometry width="50" height="50" relative="1" as="geometry">
            <mxPoint x="940" y="550" as="sourcePoint"/>
            <mxPoint x="990" y="500" as="targetPoint"/>
          </mxGeometry>
        </mxCell>
        <mxCell id="9cuP0UydbNUHG_r8ZG4T-30" value="" style="ellipse;whiteSpace=wrap;html=1;aspect=fixed;" vertex="1" parent="1">
          <mxGeometry x="115" y="200" width="80" height="80" as="geometry"/>
        </mxCell>
        <mxCell id="9cuP0UydbNUHG_r8ZG4T-31" value="" style="endArrow=classic;html=1;exitX=0.5;exitY=1;exitDx=0;exitDy=0;entryX=0.5;entryY=0;entryDx=0;entryDy=0;" edge="1" parent="1" source="9cuP0UydbNUHG_r8ZG4T-30" target="9cuP0UydbNUHG_r8ZG4T-2">
          <mxGeometry width="50" height="50" relative="1" as="geometry">
            <mxPoint x="45" y="310" as="sourcePoint"/>
            <mxPoint x="155" y="320" as="targetPoint"/>
          </mxGeometry>
        </mxCell>
        <mxCell id="9cuP0UydbNUHG_r8ZG4T-32" value="" style="ellipse;whiteSpace=wrap;html=1;aspect=fixed;" vertex="1" parent="1">
          <mxGeometry x="275" y="200" width="80" height="80" as="geometry"/>
        </mxCell>
        <mxCell id="9cuP0UydbNUHG_r8ZG4T-33" value="" style="endArrow=classic;html=1;exitX=0.5;exitY=1;exitDx=0;exitDy=0;entryX=0.5;entryY=0;entryDx=0;entryDy=0;" edge="1" parent="1" source="9cuP0UydbNUHG_r8ZG4T-32" target="9cuP0UydbNUHG_r8ZG4T-9">
          <mxGeometry width="50" height="50" relative="1" as="geometry">
            <mxPoint x="205" y="310" as="sourcePoint"/>
            <mxPoint x="315" y="320" as="targetPoint"/>
          </mxGeometry>
        </mxCell>
        <mxCell id="9cuP0UydbNUHG_r8ZG4T-34" value="" style="ellipse;whiteSpace=wrap;html=1;aspect=fixed;" vertex="1" parent="1">
          <mxGeometry x="435" y="200" width="80" height="80" as="geometry"/>
        </mxCell>
        <mxCell id="9cuP0UydbNUHG_r8ZG4T-35" value="" style="endArrow=classic;html=1;exitX=0.5;exitY=1;exitDx=0;exitDy=0;entryX=0.5;entryY=0;entryDx=0;entryDy=0;" edge="1" parent="1" source="9cuP0UydbNUHG_r8ZG4T-34" target="9cuP0UydbNUHG_r8ZG4T-16">
          <mxGeometry width="50" height="50" relative="1" as="geometry">
            <mxPoint x="365" y="310" as="sourcePoint"/>
            <mxPoint x="475" y="320" as="targetPoint"/>
          </mxGeometry>
        </mxCell>
        <mxCell id="9cuP0UydbNUHG_r8ZG4T-36" value="" style="ellipse;whiteSpace=wrap;html=1;aspect=fixed;" vertex="1" parent="1">
          <mxGeometry x="600" y="200" width="80" height="80" as="geometry"/>
        </mxCell>
        <mxCell id="9cuP0UydbNUHG_r8ZG4T-37" value="" style="endArrow=classic;html=1;exitX=0.5;exitY=1;exitDx=0;exitDy=0;entryX=0.5;entryY=0;entryDx=0;entryDy=0;" edge="1" parent="1" source="9cuP0UydbNUHG_r8ZG4T-36" target="9cuP0UydbNUHG_r8ZG4T-23">
          <mxGeometry width="50" height="50" relative="1" as="geometry">
            <mxPoint x="530" y="310" as="sourcePoint"/>
            <mxPoint x="640" y="320" as="targetPoint"/>
          </mxGeometry>
        </mxCell>
        <mxCell id="9cuP0UydbNUHG_r8ZG4T-39" value="" style="endArrow=classic;html=1;exitX=0;exitY=0.5;exitDx=0;exitDy=0;entryX=1;entryY=0;entryDx=0;entryDy=0;" edge="1" parent="1" source="9cuP0UydbNUHG_r8ZG4T-1" target="9cuP0UydbNUHG_r8ZG4T-30">
          <mxGeometry width="50" height="50" relative="1" as="geometry">
            <mxPoint x="210" y="160" as="sourcePoint"/>
            <mxPoint x="260" y="110" as="targetPoint"/>
          </mxGeometry>
        </mxCell>
        <mxCell id="9cuP0UydbNUHG_r8ZG4T-40" value="" style="endArrow=classic;html=1;exitX=0;exitY=1;exitDx=0;exitDy=0;entryX=0.5;entryY=0;entryDx=0;entryDy=0;" edge="1" parent="1" source="9cuP0UydbNUHG_r8ZG4T-1" target="9cuP0UydbNUHG_r8ZG4T-32">
          <mxGeometry width="50" height="50" relative="1" as="geometry">
            <mxPoint x="460" y="140" as="sourcePoint"/>
            <mxPoint x="510" y="90" as="targetPoint"/>
          </mxGeometry>
        </mxCell>
        <mxCell id="9cuP0UydbNUHG_r8ZG4T-41" value="" style="endArrow=classic;html=1;exitX=1;exitY=0.5;exitDx=0;exitDy=0;entryX=0.5;entryY=0;entryDx=0;entryDy=0;" edge="1" parent="1" source="9cuP0UydbNUHG_r8ZG4T-1" target="9cuP0UydbNUHG_r8ZG4T-36">
          <mxGeometry width="50" height="50" relative="1" as="geometry">
            <mxPoint x="570" y="160" as="sourcePoint"/>
            <mxPoint x="620" y="110" as="targetPoint"/>
          </mxGeometry>
        </mxCell>
        <mxCell id="9cuP0UydbNUHG_r8ZG4T-42" value="" style="endArrow=classic;html=1;exitX=1;exitY=1;exitDx=0;exitDy=0;entryX=0.5;entryY=0;entryDx=0;entryDy=0;" edge="1" parent="1" source="9cuP0UydbNUHG_r8ZG4T-1" target="9cuP0UydbNUHG_r8ZG4T-34">
          <mxGeometry width="50" height="50" relative="1" as="geometry">
            <mxPoint x="420" y="190" as="sourcePoint"/>
            <mxPoint x="470" y="140" as="targetPoint"/>
          </mxGeometry>
        </mxCell>
      </root>
    </mxGraphModel>
  </diagram>
</mxfile>
