<?xml version="1.0" encoding="UTF-8"?>
<mxfile host="www.draw.io" modified="2019-12-20T01:57:35.671Z" agent="Mozilla/5.0 (Windows NT 10.0; Win64; x64; rv:71.0) Gecko/20100101 Firefox/71.0" etag="tKmk6jKQn41SEtzD0gZO" version="12.4.3" type="device" pages="1">
  <diagram id="-gmhm5153kJ3cyr_P9Dy" name="Page-1">
    <mxGraphModel dx="1264" dy="561" grid="1" gridSize="10" guides="1" tooltips="1" connect="1" arrows="1" fold="1" page="1" pageScale="1" pageWidth="850" pageHeight="1100" math="0" shadow="0">
      <root>
        <mxCell id="0"/>
        <mxCell id="1" parent="0"/>
        <mxCell id="kju-qHWvK-JtQLPUGMOq-2" value="start" style="ellipse;whiteSpace=wrap;html=1;aspect=fixed;" vertex="1" parent="1">
          <mxGeometry x="480" y="370" width="80" height="80" as="geometry"/>
        </mxCell>
        <mxCell id="kju-qHWvK-JtQLPUGMOq-3" value="" style="ellipse;whiteSpace=wrap;html=1;aspect=fixed;" vertex="1" parent="1">
          <mxGeometry x="240" y="770" width="80" height="80" as="geometry"/>
        </mxCell>
        <mxCell id="kju-qHWvK-JtQLPUGMOq-4" value="" style="ellipse;whiteSpace=wrap;html=1;aspect=fixed;" vertex="1" parent="1">
          <mxGeometry x="240" y="650" width="80" height="80" as="geometry"/>
        </mxCell>
        <mxCell id="kju-qHWvK-JtQLPUGMOq-5" value="" style="ellipse;whiteSpace=wrap;html=1;aspect=fixed;" vertex="1" parent="1">
          <mxGeometry x="240" y="530" width="80" height="80" as="geometry"/>
        </mxCell>
        <mxCell id="kju-qHWvK-JtQLPUGMOq-6" value="ending" style="ellipse;whiteSpace=wrap;html=1;aspect=fixed;" vertex="1" parent="1">
          <mxGeometry x="240" y="890" width="80" height="80" as="geometry"/>
        </mxCell>
        <mxCell id="kju-qHWvK-JtQLPUGMOq-7" value="" style="ellipse;whiteSpace=wrap;html=1;aspect=fixed;" vertex="1" parent="1">
          <mxGeometry x="360" y="770" width="80" height="80" as="geometry"/>
        </mxCell>
        <mxCell id="kju-qHWvK-JtQLPUGMOq-8" value="" style="ellipse;whiteSpace=wrap;html=1;aspect=fixed;" vertex="1" parent="1">
          <mxGeometry x="360" y="650" width="80" height="80" as="geometry"/>
        </mxCell>
        <mxCell id="kju-qHWvK-JtQLPUGMOq-9" value="" style="ellipse;whiteSpace=wrap;html=1;aspect=fixed;" vertex="1" parent="1">
          <mxGeometry x="360" y="530" width="80" height="80" as="geometry"/>
        </mxCell>
        <mxCell id="kju-qHWvK-JtQLPUGMOq-10" value="" style="ellipse;whiteSpace=wrap;html=1;aspect=fixed;" vertex="1" parent="1">
          <mxGeometry x="600" y="530" width="80" height="80" as="geometry"/>
        </mxCell>
        <mxCell id="kju-qHWvK-JtQLPUGMOq-11" value="" style="ellipse;whiteSpace=wrap;html=1;aspect=fixed;" vertex="1" parent="1">
          <mxGeometry x="600" y="650" width="80" height="80" as="geometry"/>
        </mxCell>
        <mxCell id="kju-qHWvK-JtQLPUGMOq-12" value="ending" style="ellipse;whiteSpace=wrap;html=1;aspect=fixed;" vertex="1" parent="1">
          <mxGeometry x="600" y="770" width="80" height="80" as="geometry"/>
        </mxCell>
        <mxCell id="kju-qHWvK-JtQLPUGMOq-14" value="ending" style="ellipse;whiteSpace=wrap;html=1;aspect=fixed;" vertex="1" parent="1">
          <mxGeometry x="360" y="890" width="80" height="80" as="geometry"/>
        </mxCell>
        <mxCell id="kju-qHWvK-JtQLPUGMOq-15" value="" style="ellipse;whiteSpace=wrap;html=1;aspect=fixed;" vertex="1" parent="1">
          <mxGeometry x="720" y="770" width="80" height="80" as="geometry"/>
        </mxCell>
        <mxCell id="kju-qHWvK-JtQLPUGMOq-16" value="" style="ellipse;whiteSpace=wrap;html=1;aspect=fixed;" vertex="1" parent="1">
          <mxGeometry x="720" y="650" width="80" height="80" as="geometry"/>
        </mxCell>
        <mxCell id="kju-qHWvK-JtQLPUGMOq-17" value="" style="ellipse;whiteSpace=wrap;html=1;aspect=fixed;" vertex="1" parent="1">
          <mxGeometry x="720" y="530" width="80" height="80" as="geometry"/>
        </mxCell>
        <mxCell id="kju-qHWvK-JtQLPUGMOq-18" value="ending" style="ellipse;whiteSpace=wrap;html=1;aspect=fixed;" vertex="1" parent="1">
          <mxGeometry x="720" y="890" width="80" height="80" as="geometry"/>
        </mxCell>
        <mxCell id="kju-qHWvK-JtQLPUGMOq-19" value="" style="endArrow=classic;html=1;exitX=0;exitY=1;exitDx=0;exitDy=0;entryX=1;entryY=0;entryDx=0;entryDy=0;" edge="1" parent="1" source="kju-qHWvK-JtQLPUGMOq-2" target="kju-qHWvK-JtQLPUGMOq-9">
          <mxGeometry width="50" height="50" relative="1" as="geometry">
            <mxPoint x="330" y="490" as="sourcePoint"/>
            <mxPoint x="380" y="440" as="targetPoint"/>
          </mxGeometry>
        </mxCell>
        <mxCell id="kju-qHWvK-JtQLPUGMOq-20" value="" style="endArrow=classic;html=1;exitX=0;exitY=1;exitDx=0;exitDy=0;entryX=1;entryY=0;entryDx=0;entryDy=0;" edge="1" parent="1" source="kju-qHWvK-JtQLPUGMOq-2" target="kju-qHWvK-JtQLPUGMOq-5">
          <mxGeometry width="50" height="50" relative="1" as="geometry">
            <mxPoint x="320" y="480" as="sourcePoint"/>
            <mxPoint x="370" y="430" as="targetPoint"/>
          </mxGeometry>
        </mxCell>
        <mxCell id="kju-qHWvK-JtQLPUGMOq-21" value="" style="endArrow=classic;html=1;exitX=0.5;exitY=1;exitDx=0;exitDy=0;entryX=0.5;entryY=0;entryDx=0;entryDy=0;" edge="1" parent="1" source="kju-qHWvK-JtQLPUGMOq-5" target="kju-qHWvK-JtQLPUGMOq-4">
          <mxGeometry width="50" height="50" relative="1" as="geometry">
            <mxPoint x="140" y="670" as="sourcePoint"/>
            <mxPoint x="190" y="620" as="targetPoint"/>
          </mxGeometry>
        </mxCell>
        <mxCell id="kju-qHWvK-JtQLPUGMOq-22" value="" style="endArrow=classic;html=1;exitX=0.5;exitY=1;exitDx=0;exitDy=0;entryX=0.5;entryY=0;entryDx=0;entryDy=0;" edge="1" parent="1" source="kju-qHWvK-JtQLPUGMOq-9" target="kju-qHWvK-JtQLPUGMOq-8">
          <mxGeometry width="50" height="50" relative="1" as="geometry">
            <mxPoint x="480" y="660" as="sourcePoint"/>
            <mxPoint x="530" y="610" as="targetPoint"/>
          </mxGeometry>
        </mxCell>
        <mxCell id="kju-qHWvK-JtQLPUGMOq-23" value="" style="endArrow=classic;html=1;exitX=0.5;exitY=1;exitDx=0;exitDy=0;entryX=0.5;entryY=0;entryDx=0;entryDy=0;" edge="1" parent="1" source="kju-qHWvK-JtQLPUGMOq-4" target="kju-qHWvK-JtQLPUGMOq-3">
          <mxGeometry width="50" height="50" relative="1" as="geometry">
            <mxPoint x="320" y="780" as="sourcePoint"/>
            <mxPoint x="370" y="730" as="targetPoint"/>
          </mxGeometry>
        </mxCell>
        <mxCell id="kju-qHWvK-JtQLPUGMOq-24" value="" style="endArrow=classic;html=1;exitX=0.5;exitY=1;exitDx=0;exitDy=0;entryX=0.5;entryY=0;entryDx=0;entryDy=0;" edge="1" parent="1" source="kju-qHWvK-JtQLPUGMOq-8" target="kju-qHWvK-JtQLPUGMOq-7">
          <mxGeometry width="50" height="50" relative="1" as="geometry">
            <mxPoint x="490" y="780" as="sourcePoint"/>
            <mxPoint x="540" y="730" as="targetPoint"/>
          </mxGeometry>
        </mxCell>
        <mxCell id="kju-qHWvK-JtQLPUGMOq-25" value="" style="endArrow=classic;html=1;exitX=0.5;exitY=1;exitDx=0;exitDy=0;entryX=0.5;entryY=0;entryDx=0;entryDy=0;" edge="1" parent="1" source="kju-qHWvK-JtQLPUGMOq-3" target="kju-qHWvK-JtQLPUGMOq-6">
          <mxGeometry width="50" height="50" relative="1" as="geometry">
            <mxPoint x="160" y="890" as="sourcePoint"/>
            <mxPoint x="210" y="840" as="targetPoint"/>
          </mxGeometry>
        </mxCell>
        <mxCell id="kju-qHWvK-JtQLPUGMOq-26" value="" style="endArrow=classic;html=1;exitX=0.5;exitY=1;exitDx=0;exitDy=0;entryX=0.5;entryY=0;entryDx=0;entryDy=0;" edge="1" parent="1" source="kju-qHWvK-JtQLPUGMOq-7" target="kju-qHWvK-JtQLPUGMOq-14">
          <mxGeometry width="50" height="50" relative="1" as="geometry">
            <mxPoint x="410" y="740" as="sourcePoint"/>
            <mxPoint x="410" y="780" as="targetPoint"/>
          </mxGeometry>
        </mxCell>
        <mxCell id="kju-qHWvK-JtQLPUGMOq-27" value="" style="endArrow=classic;html=1;exitX=0.5;exitY=1;exitDx=0;exitDy=0;entryX=0.5;entryY=0;entryDx=0;entryDy=0;" edge="1" parent="1" source="kju-qHWvK-JtQLPUGMOq-5" target="kju-qHWvK-JtQLPUGMOq-8">
          <mxGeometry width="50" height="50" relative="1" as="geometry">
            <mxPoint x="240" y="1040" as="sourcePoint"/>
            <mxPoint x="290" y="980" as="targetPoint"/>
          </mxGeometry>
        </mxCell>
        <mxCell id="kju-qHWvK-JtQLPUGMOq-28" value="" style="endArrow=classic;html=1;exitX=0.5;exitY=1;exitDx=0;exitDy=0;entryX=0.5;entryY=0;entryDx=0;entryDy=0;" edge="1" parent="1" source="kju-qHWvK-JtQLPUGMOq-5" target="kju-qHWvK-JtQLPUGMOq-11">
          <mxGeometry width="50" height="50" relative="1" as="geometry">
            <mxPoint x="180" y="650" as="sourcePoint"/>
            <mxPoint x="230" y="600" as="targetPoint"/>
          </mxGeometry>
        </mxCell>
        <mxCell id="kju-qHWvK-JtQLPUGMOq-29" value="" style="endArrow=classic;html=1;exitX=0.5;exitY=1;exitDx=0;exitDy=0;entryX=0.5;entryY=0;entryDx=0;entryDy=0;" edge="1" parent="1" source="kju-qHWvK-JtQLPUGMOq-5" target="kju-qHWvK-JtQLPUGMOq-16">
          <mxGeometry width="50" height="50" relative="1" as="geometry">
            <mxPoint x="510" y="610" as="sourcePoint"/>
            <mxPoint x="560" y="560" as="targetPoint"/>
          </mxGeometry>
        </mxCell>
        <mxCell id="kju-qHWvK-JtQLPUGMOq-30" value="" style="endArrow=classic;html=1;exitX=0.5;exitY=1;exitDx=0;exitDy=0;entryX=0.5;entryY=0;entryDx=0;entryDy=0;" edge="1" parent="1" source="kju-qHWvK-JtQLPUGMOq-9" target="kju-qHWvK-JtQLPUGMOq-4">
          <mxGeometry width="50" height="50" relative="1" as="geometry">
            <mxPoint x="520" y="610" as="sourcePoint"/>
            <mxPoint x="570" y="560" as="targetPoint"/>
          </mxGeometry>
        </mxCell>
        <mxCell id="kju-qHWvK-JtQLPUGMOq-31" value="" style="endArrow=classic;html=1;exitX=0.5;exitY=1;exitDx=0;exitDy=0;entryX=0.5;entryY=0;entryDx=0;entryDy=0;" edge="1" parent="1" source="kju-qHWvK-JtQLPUGMOq-9" target="kju-qHWvK-JtQLPUGMOq-11">
          <mxGeometry width="50" height="50" relative="1" as="geometry">
            <mxPoint x="520" y="580" as="sourcePoint"/>
            <mxPoint x="570" y="530" as="targetPoint"/>
          </mxGeometry>
        </mxCell>
        <mxCell id="kju-qHWvK-JtQLPUGMOq-32" value="" style="endArrow=classic;html=1;exitX=0.5;exitY=1;exitDx=0;exitDy=0;entryX=0.5;entryY=0;entryDx=0;entryDy=0;" edge="1" parent="1" source="kju-qHWvK-JtQLPUGMOq-9" target="kju-qHWvK-JtQLPUGMOq-16">
          <mxGeometry width="50" height="50" relative="1" as="geometry">
            <mxPoint x="510" y="610" as="sourcePoint"/>
            <mxPoint x="560" y="560" as="targetPoint"/>
          </mxGeometry>
        </mxCell>
        <mxCell id="kju-qHWvK-JtQLPUGMOq-33" value="" style="endArrow=classic;html=1;exitX=0.5;exitY=1;exitDx=0;exitDy=0;entryX=0.5;entryY=0;entryDx=0;entryDy=0;" edge="1" parent="1" source="kju-qHWvK-JtQLPUGMOq-10" target="kju-qHWvK-JtQLPUGMOq-8">
          <mxGeometry width="50" height="50" relative="1" as="geometry">
            <mxPoint x="490" y="790" as="sourcePoint"/>
            <mxPoint x="540" y="740" as="targetPoint"/>
          </mxGeometry>
        </mxCell>
        <mxCell id="kju-qHWvK-JtQLPUGMOq-34" value="" style="endArrow=classic;html=1;exitX=0.5;exitY=1;exitDx=0;exitDy=0;entryX=0.5;entryY=0;entryDx=0;entryDy=0;" edge="1" parent="1" source="kju-qHWvK-JtQLPUGMOq-10" target="kju-qHWvK-JtQLPUGMOq-4">
          <mxGeometry width="50" height="50" relative="1" as="geometry">
            <mxPoint x="520" y="740" as="sourcePoint"/>
            <mxPoint x="570" y="700" as="targetPoint"/>
          </mxGeometry>
        </mxCell>
        <mxCell id="kju-qHWvK-JtQLPUGMOq-35" value="" style="endArrow=classic;html=1;exitX=0.5;exitY=1;exitDx=0;exitDy=0;entryX=0.5;entryY=0;entryDx=0;entryDy=0;" edge="1" parent="1" source="kju-qHWvK-JtQLPUGMOq-10" target="kju-qHWvK-JtQLPUGMOq-11">
          <mxGeometry width="50" height="50" relative="1" as="geometry">
            <mxPoint x="510" y="720" as="sourcePoint"/>
            <mxPoint x="560" y="670" as="targetPoint"/>
          </mxGeometry>
        </mxCell>
        <mxCell id="kju-qHWvK-JtQLPUGMOq-36" value="" style="endArrow=classic;html=1;exitX=0.5;exitY=1;exitDx=0;exitDy=0;entryX=0.5;entryY=0;entryDx=0;entryDy=0;" edge="1" parent="1" source="kju-qHWvK-JtQLPUGMOq-10" target="kju-qHWvK-JtQLPUGMOq-16">
          <mxGeometry width="50" height="50" relative="1" as="geometry">
            <mxPoint x="700" y="490" as="sourcePoint"/>
            <mxPoint x="750" y="440" as="targetPoint"/>
          </mxGeometry>
        </mxCell>
        <mxCell id="kju-qHWvK-JtQLPUGMOq-37" value="" style="endArrow=classic;html=1;exitX=0.5;exitY=1;exitDx=0;exitDy=0;entryX=0.5;entryY=0;entryDx=0;entryDy=0;" edge="1" parent="1" source="kju-qHWvK-JtQLPUGMOq-17" target="kju-qHWvK-JtQLPUGMOq-16">
          <mxGeometry width="50" height="50" relative="1" as="geometry">
            <mxPoint x="820" y="670" as="sourcePoint"/>
            <mxPoint x="870" y="620" as="targetPoint"/>
          </mxGeometry>
        </mxCell>
        <mxCell id="kju-qHWvK-JtQLPUGMOq-38" value="" style="endArrow=classic;html=1;exitX=0.5;exitY=1;exitDx=0;exitDy=0;entryX=0.5;entryY=0;entryDx=0;entryDy=0;" edge="1" parent="1" source="kju-qHWvK-JtQLPUGMOq-17" target="kju-qHWvK-JtQLPUGMOq-8">
          <mxGeometry width="50" height="50" relative="1" as="geometry">
            <mxPoint x="690" y="510" as="sourcePoint"/>
            <mxPoint x="740" y="460" as="targetPoint"/>
          </mxGeometry>
        </mxCell>
        <mxCell id="kju-qHWvK-JtQLPUGMOq-39" value="" style="endArrow=classic;html=1;exitX=0.5;exitY=1;exitDx=0;exitDy=0;entryX=0.5;entryY=0;entryDx=0;entryDy=0;" edge="1" parent="1" source="kju-qHWvK-JtQLPUGMOq-17" target="kju-qHWvK-JtQLPUGMOq-4">
          <mxGeometry width="50" height="50" relative="1" as="geometry">
            <mxPoint x="660" y="490" as="sourcePoint"/>
            <mxPoint x="710" y="440" as="targetPoint"/>
          </mxGeometry>
        </mxCell>
        <mxCell id="kju-qHWvK-JtQLPUGMOq-40" value="" style="endArrow=classic;html=1;exitX=0.5;exitY=1;exitDx=0;exitDy=0;entryX=0.5;entryY=0;entryDx=0;entryDy=0;" edge="1" parent="1" source="kju-qHWvK-JtQLPUGMOq-17" target="kju-qHWvK-JtQLPUGMOq-11">
          <mxGeometry width="50" height="50" relative="1" as="geometry">
            <mxPoint x="530" y="740" as="sourcePoint"/>
            <mxPoint x="580" y="690" as="targetPoint"/>
          </mxGeometry>
        </mxCell>
        <mxCell id="kju-qHWvK-JtQLPUGMOq-41" value="" style="endArrow=classic;html=1;exitX=1;exitY=1;exitDx=0;exitDy=0;entryX=0.5;entryY=0;entryDx=0;entryDy=0;" edge="1" parent="1" source="kju-qHWvK-JtQLPUGMOq-2" target="kju-qHWvK-JtQLPUGMOq-10">
          <mxGeometry width="50" height="50" relative="1" as="geometry">
            <mxPoint x="700" y="520" as="sourcePoint"/>
            <mxPoint x="750" y="470" as="targetPoint"/>
          </mxGeometry>
        </mxCell>
        <mxCell id="kju-qHWvK-JtQLPUGMOq-42" value="" style="endArrow=classic;html=1;exitX=1;exitY=1;exitDx=0;exitDy=0;entryX=0.5;entryY=0;entryDx=0;entryDy=0;" edge="1" parent="1" source="kju-qHWvK-JtQLPUGMOq-2" target="kju-qHWvK-JtQLPUGMOq-17">
          <mxGeometry width="50" height="50" relative="1" as="geometry">
            <mxPoint x="740" y="490" as="sourcePoint"/>
            <mxPoint x="790" y="440" as="targetPoint"/>
          </mxGeometry>
        </mxCell>
        <mxCell id="kju-qHWvK-JtQLPUGMOq-43" value="" style="endArrow=classic;html=1;exitX=0.5;exitY=1;exitDx=0;exitDy=0;entryX=0.5;entryY=0;entryDx=0;entryDy=0;" edge="1" parent="1" source="kju-qHWvK-JtQLPUGMOq-11" target="kju-qHWvK-JtQLPUGMOq-12">
          <mxGeometry width="50" height="50" relative="1" as="geometry">
            <mxPoint x="510" y="770" as="sourcePoint"/>
            <mxPoint x="560" y="720" as="targetPoint"/>
          </mxGeometry>
        </mxCell>
        <mxCell id="kju-qHWvK-JtQLPUGMOq-44" value="" style="endArrow=classic;html=1;exitX=0.5;exitY=1;exitDx=0;exitDy=0;entryX=0.5;entryY=0;entryDx=0;entryDy=0;" edge="1" parent="1" source="kju-qHWvK-JtQLPUGMOq-16" target="kju-qHWvK-JtQLPUGMOq-15">
          <mxGeometry width="50" height="50" relative="1" as="geometry">
            <mxPoint x="870" y="770" as="sourcePoint"/>
            <mxPoint x="920" y="720" as="targetPoint"/>
          </mxGeometry>
        </mxCell>
        <mxCell id="kju-qHWvK-JtQLPUGMOq-45" value="" style="endArrow=classic;html=1;exitX=0.5;exitY=1;exitDx=0;exitDy=0;entryX=0.5;entryY=0;entryDx=0;entryDy=0;" edge="1" parent="1" source="kju-qHWvK-JtQLPUGMOq-4" target="kju-qHWvK-JtQLPUGMOq-7">
          <mxGeometry width="50" height="50" relative="1" as="geometry">
            <mxPoint x="490" y="760" as="sourcePoint"/>
            <mxPoint x="540" y="710" as="targetPoint"/>
          </mxGeometry>
        </mxCell>
        <mxCell id="kju-qHWvK-JtQLPUGMOq-46" value="" style="endArrow=classic;html=1;exitX=0.5;exitY=1;exitDx=0;exitDy=0;entryX=0.5;entryY=0;entryDx=0;entryDy=0;" edge="1" parent="1" source="kju-qHWvK-JtQLPUGMOq-8" target="kju-qHWvK-JtQLPUGMOq-3">
          <mxGeometry width="50" height="50" relative="1" as="geometry">
            <mxPoint x="510" y="780" as="sourcePoint"/>
            <mxPoint x="560" y="730" as="targetPoint"/>
          </mxGeometry>
        </mxCell>
        <mxCell id="kju-qHWvK-JtQLPUGMOq-47" value="" style="endArrow=classic;html=1;exitX=0.5;exitY=1;exitDx=0;exitDy=0;entryX=0.5;entryY=0;entryDx=0;entryDy=0;" edge="1" parent="1" source="kju-qHWvK-JtQLPUGMOq-4" target="kju-qHWvK-JtQLPUGMOq-12">
          <mxGeometry width="50" height="50" relative="1" as="geometry">
            <mxPoint x="500" y="760" as="sourcePoint"/>
            <mxPoint x="550" y="710" as="targetPoint"/>
          </mxGeometry>
        </mxCell>
        <mxCell id="kju-qHWvK-JtQLPUGMOq-48" value="" style="endArrow=classic;html=1;exitX=0.5;exitY=1;exitDx=0;exitDy=0;entryX=0.5;entryY=0;entryDx=0;entryDy=0;" edge="1" parent="1" source="kju-qHWvK-JtQLPUGMOq-4" target="kju-qHWvK-JtQLPUGMOq-15">
          <mxGeometry width="50" height="50" relative="1" as="geometry">
            <mxPoint x="510" y="750" as="sourcePoint"/>
            <mxPoint x="560" y="700" as="targetPoint"/>
          </mxGeometry>
        </mxCell>
        <mxCell id="kju-qHWvK-JtQLPUGMOq-49" value="" style="endArrow=classic;html=1;exitX=0.5;exitY=1;exitDx=0;exitDy=0;entryX=0.5;entryY=0;entryDx=0;entryDy=0;" edge="1" parent="1" source="kju-qHWvK-JtQLPUGMOq-8" target="kju-qHWvK-JtQLPUGMOq-12">
          <mxGeometry width="50" height="50" relative="1" as="geometry">
            <mxPoint x="490" y="720" as="sourcePoint"/>
            <mxPoint x="540" y="670" as="targetPoint"/>
          </mxGeometry>
        </mxCell>
        <mxCell id="kju-qHWvK-JtQLPUGMOq-50" value="" style="endArrow=classic;html=1;entryX=0.5;entryY=0;entryDx=0;entryDy=0;exitX=0.5;exitY=1;exitDx=0;exitDy=0;" edge="1" parent="1" source="kju-qHWvK-JtQLPUGMOq-8" target="kju-qHWvK-JtQLPUGMOq-15">
          <mxGeometry width="50" height="50" relative="1" as="geometry">
            <mxPoint x="490" y="710" as="sourcePoint"/>
            <mxPoint x="560" y="680" as="targetPoint"/>
          </mxGeometry>
        </mxCell>
        <mxCell id="kju-qHWvK-JtQLPUGMOq-51" value="" style="endArrow=classic;html=1;exitX=0.5;exitY=1;exitDx=0;exitDy=0;entryX=0.5;entryY=0;entryDx=0;entryDy=0;" edge="1" parent="1" source="kju-qHWvK-JtQLPUGMOq-11" target="kju-qHWvK-JtQLPUGMOq-3">
          <mxGeometry width="50" height="50" relative="1" as="geometry">
            <mxPoint x="480" y="730" as="sourcePoint"/>
            <mxPoint x="530" y="680" as="targetPoint"/>
          </mxGeometry>
        </mxCell>
        <mxCell id="kju-qHWvK-JtQLPUGMOq-52" value="" style="endArrow=classic;html=1;exitX=0.5;exitY=1;exitDx=0;exitDy=0;entryX=0.5;entryY=0;entryDx=0;entryDy=0;" edge="1" parent="1" source="kju-qHWvK-JtQLPUGMOq-11" target="kju-qHWvK-JtQLPUGMOq-7">
          <mxGeometry width="50" height="50" relative="1" as="geometry">
            <mxPoint x="520" y="700" as="sourcePoint"/>
            <mxPoint x="570" y="650" as="targetPoint"/>
          </mxGeometry>
        </mxCell>
        <mxCell id="kju-qHWvK-JtQLPUGMOq-53" value="" style="endArrow=classic;html=1;exitX=0.5;exitY=1;exitDx=0;exitDy=0;entryX=0.5;entryY=0;entryDx=0;entryDy=0;" edge="1" parent="1" source="kju-qHWvK-JtQLPUGMOq-16" target="kju-qHWvK-JtQLPUGMOq-12">
          <mxGeometry width="50" height="50" relative="1" as="geometry">
            <mxPoint x="890" y="720" as="sourcePoint"/>
            <mxPoint x="940" y="670" as="targetPoint"/>
          </mxGeometry>
        </mxCell>
        <mxCell id="kju-qHWvK-JtQLPUGMOq-54" value="" style="endArrow=classic;html=1;exitX=0.5;exitY=1;exitDx=0;exitDy=0;entryX=0.5;entryY=0;entryDx=0;entryDy=0;" edge="1" parent="1" source="kju-qHWvK-JtQLPUGMOq-16" target="kju-qHWvK-JtQLPUGMOq-7">
          <mxGeometry width="50" height="50" relative="1" as="geometry">
            <mxPoint x="540" y="730" as="sourcePoint"/>
            <mxPoint x="590" y="680" as="targetPoint"/>
          </mxGeometry>
        </mxCell>
        <mxCell id="kju-qHWvK-JtQLPUGMOq-55" value="" style="endArrow=classic;html=1;exitX=0.5;exitY=1;exitDx=0;exitDy=0;entryX=0.5;entryY=0;entryDx=0;entryDy=0;" edge="1" parent="1" source="kju-qHWvK-JtQLPUGMOq-16" target="kju-qHWvK-JtQLPUGMOq-3">
          <mxGeometry width="50" height="50" relative="1" as="geometry">
            <mxPoint x="520" y="730" as="sourcePoint"/>
            <mxPoint x="570" y="680" as="targetPoint"/>
          </mxGeometry>
        </mxCell>
        <mxCell id="kju-qHWvK-JtQLPUGMOq-56" value="" style="endArrow=classic;html=1;exitX=0.5;exitY=1;exitDx=0;exitDy=0;entryX=0.5;entryY=0;entryDx=0;entryDy=0;" edge="1" parent="1" source="kju-qHWvK-JtQLPUGMOq-11" target="kju-qHWvK-JtQLPUGMOq-15">
          <mxGeometry width="50" height="50" relative="1" as="geometry">
            <mxPoint x="500" y="730" as="sourcePoint"/>
            <mxPoint x="550" y="680" as="targetPoint"/>
          </mxGeometry>
        </mxCell>
        <mxCell id="kju-qHWvK-JtQLPUGMOq-57" value="" style="endArrow=classic;html=1;exitX=0.5;exitY=1;exitDx=0;exitDy=0;entryX=0.5;entryY=0;entryDx=0;entryDy=0;" edge="1" parent="1" source="kju-qHWvK-JtQLPUGMOq-3" target="kju-qHWvK-JtQLPUGMOq-14">
          <mxGeometry width="50" height="50" relative="1" as="geometry">
            <mxPoint x="510" y="840" as="sourcePoint"/>
            <mxPoint x="560" y="790" as="targetPoint"/>
          </mxGeometry>
        </mxCell>
        <mxCell id="kju-qHWvK-JtQLPUGMOq-59" value="" style="endArrow=classic;html=1;exitX=0.5;exitY=1;exitDx=0;exitDy=0;entryX=0.5;entryY=0;entryDx=0;entryDy=0;" edge="1" parent="1" source="kju-qHWvK-JtQLPUGMOq-3" target="kju-qHWvK-JtQLPUGMOq-18">
          <mxGeometry width="50" height="50" relative="1" as="geometry">
            <mxPoint x="490" y="850" as="sourcePoint"/>
            <mxPoint x="540" y="800" as="targetPoint"/>
          </mxGeometry>
        </mxCell>
        <mxCell id="kju-qHWvK-JtQLPUGMOq-60" value="" style="endArrow=classic;html=1;exitX=0.5;exitY=1;exitDx=0;exitDy=0;entryX=0.5;entryY=0;entryDx=0;entryDy=0;" edge="1" parent="1" source="kju-qHWvK-JtQLPUGMOq-7" target="kju-qHWvK-JtQLPUGMOq-6">
          <mxGeometry width="50" height="50" relative="1" as="geometry">
            <mxPoint x="490" y="850" as="sourcePoint"/>
            <mxPoint x="540" y="800" as="targetPoint"/>
          </mxGeometry>
        </mxCell>
        <mxCell id="kju-qHWvK-JtQLPUGMOq-62" value="" style="endArrow=classic;html=1;exitX=0.5;exitY=1;exitDx=0;exitDy=0;entryX=0.5;entryY=0;entryDx=0;entryDy=0;" edge="1" parent="1" source="kju-qHWvK-JtQLPUGMOq-7" target="kju-qHWvK-JtQLPUGMOq-18">
          <mxGeometry width="50" height="50" relative="1" as="geometry">
            <mxPoint x="510" y="830" as="sourcePoint"/>
            <mxPoint x="560" y="780" as="targetPoint"/>
          </mxGeometry>
        </mxCell>
        <mxCell id="kju-qHWvK-JtQLPUGMOq-67" value="" style="endArrow=classic;html=1;exitX=0.5;exitY=1;exitDx=0;exitDy=0;entryX=0.5;entryY=0;entryDx=0;entryDy=0;" edge="1" parent="1" source="kju-qHWvK-JtQLPUGMOq-15" target="kju-qHWvK-JtQLPUGMOq-18">
          <mxGeometry width="50" height="50" relative="1" as="geometry">
            <mxPoint x="500" y="830" as="sourcePoint"/>
            <mxPoint x="550" y="780" as="targetPoint"/>
          </mxGeometry>
        </mxCell>
        <mxCell id="kju-qHWvK-JtQLPUGMOq-69" value="" style="endArrow=classic;html=1;exitX=0.5;exitY=1;exitDx=0;exitDy=0;entryX=0.5;entryY=0;entryDx=0;entryDy=0;" edge="1" parent="1" source="kju-qHWvK-JtQLPUGMOq-15" target="kju-qHWvK-JtQLPUGMOq-14">
          <mxGeometry width="50" height="50" relative="1" as="geometry">
            <mxPoint x="980" y="820" as="sourcePoint"/>
            <mxPoint x="1030" y="770" as="targetPoint"/>
          </mxGeometry>
        </mxCell>
        <mxCell id="kju-qHWvK-JtQLPUGMOq-70" value="" style="endArrow=classic;html=1;exitX=0.5;exitY=1;exitDx=0;exitDy=0;entryX=0.5;entryY=0;entryDx=0;entryDy=0;" edge="1" parent="1" source="kju-qHWvK-JtQLPUGMOq-15" target="kju-qHWvK-JtQLPUGMOq-6">
          <mxGeometry width="50" height="50" relative="1" as="geometry">
            <mxPoint x="510" y="830" as="sourcePoint"/>
            <mxPoint x="560" y="780" as="targetPoint"/>
          </mxGeometry>
        </mxCell>
      </root>
    </mxGraphModel>
  </diagram>
</mxfile>
