25.735705793280516,-14.343548630988522,2.896219536512823,27.693151192175986,8.06246968771228,5.843429791196826,13.131767782948081,11.368189961211185,14.995398277598525,13.55131926411724,9.465565357529945,8.565260746323593,11.288813656272424,10.253436750408738,11.352161991856509,10.005638791830338,22.52168179305957,6.02905254140569,14.299180539274074,12.327624981615537
25.742311560630583,-14.277886570292395,2.769482148073815,27.542943310310807,8.294965839307167,6.067548019437041,12.978963873994239,11.249313457844854,15.289992659003104,13.901954435207386,9.736702480690475,8.82543574768981,11.231035713220507,10.236712176892254,11.61383281417434,10.233998353907106,22.49804187813291,6.215010048515751,14.096366542422645,12.16213330289466
25.73961549601836,-14.246759162269015,2.6832836653558285,27.432095451239196,8.368179033325134,6.140601768188702,13.045922213083175,11.311635048518152,15.342699795666448,13.963043374526535,9.915147675078101,8.989695751697763,11.152222997841932,10.169227542780291,11.78617974431432,10.381827177395532,22.454191272813603,6.255929233965716,14.141410262507645,12.202072901476129
25.744684759533698,-14.22668614660688,2.6680896004866486,27.33523461999957,8.406627164262858,6.178643859800104,13.101603544804647,11.36201484447712,15.383822698107338,14.010465200206625,10.008571301411815,9.076392428506617,11.103365274634001,10.12091314012389,11.89436825285537,10.474280449552968,22.425856660702834,6.270227389021855,14.172177717883661,12.22873763797818
25.760899015669025,-14.17514188141621,2.6207241280281526,27.24720716726131,8.475959084037726,6.224945300071624,13.336233833066643,11.568496222204182,15.387841071588952,14.037256960053625,10.087466637499952,9.148858441971118,10.979308278030686,9.993762289017795,12.212286881350316,10.746941367652012,22.3173282489594,6.261857860638813,14.267145965488597,12.307916288188348
25.75909777928382,-14.169591990073371,2.5689611075863383,27.334892285855055,8.483863139763685,6.221706982034206,13.46607459223766,11.680909963364154,15.37247118748445,14.03158487046062,10.137748802754913,9.19465484602892,10.88966027463448,9.914944368585196,12.319565668899475,10.836531067658992,22.266558362680115,6.277991703217623,14.384404865310485,12.408795747536445
25.742179175076302,-14.186551589214332,2.5236524664350517,27.539397596737285,8.517263827125674,6.235647261036249,13.56921520903332,11.771446039847648,15.36478712591284,14.024975839572733,10.202866959408059,9.253288748912809,10.814026661396298,9.848733944961637,12.448148846689438,10.945467859807142,22.21142529716184,6.264572596207444,14.444082711956728,12.458142651636955
25.7272018931468,-14.221446991306578,2.406649098000319,27.653270803688173,8.516007784509128,6.205006138457421,13.678207732025573,11.863835675364575,15.35928365184293,14.016793773868912,10.247155844877794,9.293232581714316,10.761757019532297,9.80829798568054,12.54759936550222,11.03035264832115,22.17362511152899,6.250695034363417,14.512720991646956,12.515861406607874
25.709977962754465,-14.270155289496529,2.3847301625235278,27.63395229856101,8.473591463162421,6.143327189386014,13.78543233273816,11.952712853463153,15.403143059217228,14.069265436633202,10.316522619168998,9.35858377717134,10.720530362955884,9.777102690249805,12.649915746576795,11.118271857137346,22.139147724333412,6.258306636614165,14.619354179696094,12.607447552374763
25.664688109165894,-14.123983016815316,2.475829094722344,27.634560310627794,7.39472321546387,4.935702937394652,14.590714665686763,12.56689736580455,15.674283742889003,14.405892352305429,10.50014454717591,9.540434146247053,11.295741166066989,10.450265154645919,12.62073697846103,11.128479203382717,21.926346682228484,6.429575188316917,14.796263768479143,12.76501883487991
25.69649174139394,-13.538534139868517,3.084993418153106,27.37856524912508,5.377396771594277,2.2803307783771345,16.813649040394147,14.265908528487119,16.610733351246154,15.535226022253028,10.298223611417404,9.40596068764645,12.608908343562035,11.968492275723861,12.260940685825739,10.887659971746055,21.639034672856866,7.206383146487369,14.684292744954599,12.704670061379888
25.779626085730513,-12.930489121662404,4.074976560283249,26.74176583824938,4.147217283784727,-1.065520685437619,20.90427303344729,17.406555330049777,17.86674836758533,16.99259317762261,9.851682518472936,9.058603925222922,13.672579002665259,13.169886080639685,11.685563698854533,10.435134195254236,21.383837841753376,8.353950742822903,14.443165016812028,12.550899465003383
25.89050121280286,-12.441059167772892,5.401554808937464,25.691148446895326,5.609694274326756,-4.6457943638841925,29.247713240276894,23.884569265722003,18.383083654015564,17.657670597778576,9.269738020067345,8.549812254878548,14.050588398853222,13.610797930138801,11.374142959645301,10.178660180549018,21.19413537337067,9.1136070852193,14.284473506324204,12.448278345803292
25.908394212353073,-12.369475019213496,5.821172080911635,25.2776362836585,6.224063175848755,-5.525037861979911,32.97852610149509,26.795293028639648,18.375024027254682,17.67582329942458,9.190463778646427,8.477310606790004,14.036579844467298,13.61024884370579,11.325830079435882,10.135090467148144,21.13378071965127,9.173538688326701,14.254989592708103,12.424301405363476
25.996629484606245,-12.261049533586416,6.684834839200651,24.297808487374734,8.112943583133955,-7.810984890228227,45.6159718824027,36.6061585110057,17.898408945785263,17.277931674098355,9.07097426241762,8.350103297126834,13.94926827616149,13.549410321150745,11.274720359099241,10.086365263839275,20.888635560977974,9.330560186312425,14.072138002367797,12.26720669661711
26.052183624049064,-12.292983230027758,6.872130715810097,23.867388042175257,8.465960906752997,-8.243080126603715,50.72524275158656,40.616442284613875,17.402358140701097,16.829328603305925,9.26206995731968,8.504943468578881,13.877971480245009,13.479594027185271,11.27804495947776,10.086382168392728,20.771762616516412,9.32952937793219,14.027022268326181,12.2253414904435
26.12354354623858,-12.72022675435612,6.937802738092261,23.446513551107238,9.047671187443484,-8.929177201009026,60.02401153536093,47.88788252183198,16.39439669271374,15.890951905352608,10.096552248663183,9.222793322422877,13.587916190654738,13.194405805301159,11.58070777261965,10.341590902463302,20.566664446761166,9.21956304608888,14.162822561500606,12.333520164909578
26.13422993451772,-13.065802430039739,6.585424290544202,23.6748456025862,8.36547479627572,-8.357011609933124,66.17388988250369,52.9757425285704,15.58133602064845,15.122703279648377,11.111685832070508,10.10701914028273,13.22902029694103,12.831615644767368,11.847067620257391,10.56015809137419,20.333439356363044,8.983436431829148,14.338940091592796,12.468678016538483
26.08645332898024,-13.576648487089443,6.236822087352465,24.371037921468634,7.710784051738898,-7.704454646190868,69.43051737692089,55.79170238788309,15.045642339242022,14.608534159005941,11.682399946464324,10.597443250944416,13.007140105328375,12.597289985170576,11.947583458018585,10.638218353034379,20.194751891178868,8.829488390135822,14.405234804977402,12.514880696924251
26.03237805660177,-14.104271803358941,5.665266811247726,25.310248232803563,7.303417409061211,-7.233104914701357,72.63823912002593,58.51429310298794,14.265390563407635,13.844082020946615,12.418463062589547,11.221601408143865,12.45250003833624,12.012138009394576,12.208263012480735,10.83945311289622,20.059513725638595,8.60050058228866,14.469931320604216,12.555940586582233
26.01450317826152,-14.42899895018867,5.218528292595995,25.82057945693622,7.236001055838926,-7.136123545406861,73.57118521531936,59.29253379849592,13.892674081652729,13.466822901506958,12.633700096257467,11.395101908487494,12.197811173568482,11.732380478686096,12.367471101020866,10.966335065669327,20.0318392127694,8.489916628843702,14.507719265523658,12.582278099829294
25.95489233415495,-15.214474023353517,4.133012929259535,26.904489142153857,7.1968487875461165,-7.080819817658366,74.08993097704517,59.72429524658754,13.590966879402089,13.14116950977774,12.790942434838628,11.520390620595954,11.800948060246384,11.294497909255526,12.529277483789489,11.087112963910473,20.083411057184946,8.251381220800539,14.54123627899688,12.600129436271247
25.964824781609707,-15.482105067439434,3.6989939746666094,27.349044801409125,7.092662187325715,-6.9748895293608655,74.01053532456562,59.693894744410635,13.567599189912784,13.109586497526678,12.826736134561308,11.551332996096006,11.772483211957734,11.254867985508724,12.601791706572364,11.14957465963796,20.173158460431438,8.230367463669381,14.553411410203665,12.61169553171588
26.35673623318968,-16.484332396580072,2.1728593003267567,27.76935192773064,3.422805089971291,-3.3535745451093106,44.80877554235435,41.702910704872295,13.412792199770024,12.924376820238777,12.9995561678029,11.69717726508427,11.596035840515441,11.034728426117496,12.795591161875445,11.309763839314002,20.885448281314012,8.50948324831812,14.671166842422446,12.747033633514592
26.834089997860417,-18.910193847496345,0.19305889451848032,28.073758341574266,2.0265509568541233,-0.7706785458941994,34.307953592351815,29.312315887992614,12.561816101120826,11.860180888142494,13.156136548123618,11.781996295729275,10.728348758387426,9.840778456662377,13.191362549765053,11.598081274475962,22.131492043356843,8.34822233610008,15.10333171256071,13.144494526181594
27.224954832291644,-20.666738437920685,1.25701516609451,28.35730223924498,4.8539285640712535,3.2694274980946005,20.864432103852177,17.845328681670075,11.467800951461015,10.265841880993818,12.963224083772442,11.525890776871245,9.948182140265033,8.252466280820968,13.556132514452521,11.839625955156603,23.66667791742259,7.5855866444897515,15.098936432036409,13.135090736145802
27.309455077573944,-21.050151044753463,1.4511240754453605,28.46436850739781,6.518010530899062,4.737688379827148,16.720438801927745,14.381033246078536,11.265023979108747,9.88142733492299,12.727111295772245,11.29793743370619,9.790558799209776,7.776535756827499,13.523858174066401,11.78847372283749,24.093077180978156,7.216398442053091,15.01042357553709,13.047190223520595
27.33390321760089,-21.266856511730467,1.6257170864248345,28.455474462938376,7.755303521822526,5.837956175885637,14.250613069565652,12.319105992342237,11.132747310192627,9.602995920510182,12.534000251454795,11.113091925944879,9.669619106642756,7.41813648845249,13.46739024652652,11.721431788631964,24.3878285921935,6.866241825736736,14.934472886549875,12.96784831657756
27.335018718743157,-21.459432429942126,1.8077149676579725,28.386505436948898,9.191333687600547,7.097198576439567,11.992672933778692,10.431067739484448,11.080672816516454,9.450984377241099,12.1192087407167,10.738999557195626,9.701199482751406,7.274613488951431,13.338994684296061,11.604403617153668,24.71121573769517,6.30829978752395,14.909900948157675,12.921424914010528
27.30665357722512,-21.589450736014285,1.9693717656158225,28.297681668335688,9.929267014869907,7.69404517565475,10.624208314327953,9.270207112608942,11.094137067628424,9.408086068629572,11.63682204080143,10.310738620370149,9.649668246579267,6.975618015584445,13.264749159606131,11.526055998326848,24.960403056882853,5.789566224768365,14.77841331618344,12.783320570872405
27.302232781672302,-21.607985634754144,2.002253245417435,28.272644409205906,10.41609250683237,8.123144627430747,9.812219779724762,8.579312353231657,11.0781993962093,9.370419243087767,11.45114103523354,10.144666565132926,9.575489252145132,6.737936242418897,13.211594486003209,11.467885481708347,25.070095184525314,5.587841700557078,14.758241763125165,12.756292055449423
27.297633977385118,-21.614465092617152,2.012135684753432,28.2886963418999,10.900001167820534,8.514895358559912,9.036978509341388,7.916866314350818,11.03069592354646,9.294417528824098,11.125691256782211,9.85340708677881,9.524470964093155,6.541663385898062,13.14334442303612,11.399032679001447,25.1751504839975,5.297470006034516,14.754763461748176,12.738339318455566
27.286811794701862,-21.63044102667581,2.0256098945313856,28.275285573577854,12.219902777407327,9.639281616995973,7.71625586277886,6.798647739874179,10.95609108241257,9.172198893034789,10.383150995126742,9.19159224256974,9.472864051393344,6.251523063325919,13.111015957866398,11.356333606650345,25.374819838273197,4.801219436045599,14.690114282247619,12.658111771800073
27.280203366221173,-21.632067973472687,2.006435148878254,28.284427021591036,12.530897121656324,9.745756287366447,7.124220750049328,6.283807272395206,10.989267216131537,9.159939578101515,9.502734805558342,8.411531194511683,9.419713501848207,5.965002533725965,13.034394394903806,11.275623707187387,25.531666306917657,4.220704550890957,14.649526460973023,12.591842993418588
27.02217177210295,-20.695831369855213,1.7796759737404648,28.539420570366598,10.394312866509381,7.137147594103993,7.520847174412089,6.546519120701023,12.133733371529473,10.500917269046653,7.298402650314887,6.496734740880957,9.57862018319858,6.317743693637809,12.785528067247226,11.07757217567154,25.450049346330303,3.7030592200080292,14.540472081431963,12.466414248936966
26.6549682561932,-18.63384550718426,1.094166855458968,28.736133574676717,8.08770120907596,4.397596255948983,8.673600002263276,7.438499552567112,13.121279931005915,11.674313534112443,7.279958051007921,6.5217469397854995,9.92935964471377,7.178546722160647,12.45745307089942,10.83341289342445,25.19573702494759,3.6813066356932183,14.46203409692642,12.392436909825767
26.192284344053718,-15.591095939937276,0.30200567165064707,28.047267723340134,5.631692659517853,-0.4987294423763018,11.326388698509527,9.46301567725941,15.57495481976565,14.407224671974902,7.716304680702641,7.014483496924514,11.085062968972835,9.09205293570541,11.930888222429951,10.467001631181361,24.508851987108216,3.8979990889162366,14.391780315320126,12.330438263384243
26.16764082470482,-13.791154270373184,1.0409498224931697,27.4270516514534,6.470933158496592,-4.040237219301474,13.60593822980104,11.141655200677908,16.809718215399073,15.783239998948162,7.990558574899715,7.313653677894058,11.873067036926074,10.211505165110154,11.866927384908262,10.468408763511896,23.95754031584724,4.356145997257514,14.42908153574257,12.377414536600531
26.275891555670256,-11.739199229320832,3.5374754457751174,26.616116852074153,10.253655499665115,-9.367251211120148,18.059258029222477,14.355337760351965,18.196949924270996,17.445693909455812,8.302763626229071,7.657680927635075,12.904788673215364,11.564993453705114,11.932082862229791,10.595267738171826,23.31080638296868,5.1698854192816555,14.756986981563493,12.693425801945898
26.315114224283946,-11.289889756055814,4.515678293744616,26.10178803017144,10.864146910449051,-10.513521588201613,26.15769439890917,23.741340508965628,18.481242010287133,17.869518299666552,8.449756367528625,7.805900281403464,13.545263226658648,12.341935508271177,11.951200041958607,10.652949481264574,23.068946699806105,5.831419414926728,14.964606468181502,12.906172396406623
26.319609370021595,-11.213029766691534,5.0783474211708715,25.838595523291822,11.044889041012908,-10.848213899502383,30.382467736960024,25.900331201525788,18.43150393877815,17.87490855260151,8.559182917217614,7.90536465156448,13.604987314423227,12.427039258131785,11.995212059442679,10.696613302900593,22.996527010758854,6.1437030540631525,15.03283070753519,12.981610521431138
26.226057705354265,-11.887203769437036,7.502260395892424,24.274122859824683,12.803738595118404,-12.801854401480966,51.56046064538233,40.4048524569403,17.388751176459294,17.080132987685687,9.029177853196776,8.295683532425699,13.791415822340383,12.669767088281503,12.138485240919024,10.837393978657149,22.789576954332034,6.9425145665525605,15.200790575657182,13.168452418989887
26.20652792318512,-12.385597455914407,7.722921605527533,24.22591442657107,12.596045718927996,-12.577805489897784,58.08451094625074,45.433776123695814,16.501147174786496,16.298764711934012,9.614339820218456,8.79199767513059,13.84547382850991,12.75371327191182,12.21421984829384,10.90940788948159,22.7102482070091,7.308109249285877,15.268984064139204,13.246174874994761
26.14669679628321,-12.731614077609947,7.522032464117626,24.430535503043085,11.982489835586449,-11.908913983697602,61.98827801665895,48.647033502298385,15.782589555893026,15.610347177486858,10.18863145767265,9.282473611852469,13.953259104640779,12.887054815996308,12.310531394995131,11.003097710587866,22.601059112436644,7.6287554410156275,15.355385159923811,13.336633079902777
26.07742264504634,-13.089041068772147,7.2390015193694115,24.75658914168053,11.529668846902638,-11.359721663630594,65.76832721554885,51.75827132005647,14.240853428305826,14.045183237845137,11.248446817945354,10.165377041584948,14.027962046094103,12.985574560815849,12.389564029032568,11.079054879086494,22.34299898272934,8.080093534825807,15.464289876918711,13.450710012832868
26.012531472734395,-13.72842571736021,6.585686772167119,25.24150643477944,11.73680437138691,-11.428141971264907,69.42140546327414,54.58429350519865,12.347649133372471,12.098291715663862,12.021442048036468,10.761714655600013,14.048298708714213,13.052197226716487,12.286834104779787,10.9899426514874,22.014747880165658,8.52662364451156,15.454623552452874,13.458658201341958
26.029536526621968,-14.555969215640886,5.638977044683613,25.932899898483377,12.006075443209824,-11.616039247459298,71.467649657578,56.12056161554121,11.51270971465874,11.25901701043145,12.039461313799125,10.734969906752026,13.981957173730024,13.01230122156484,12.088866427125707,10.81061890345743,21.764766991440666,8.825382626369162,15.100749200932343,13.159850726391308
26.070107654864927,-15.327238417415174,4.964918818786121,26.365947849077497,12.094604854710923,-11.668473767952705,72.59013357100635,56.98012505939377,11.44193121883464,11.190954392747173,11.983057468257973,10.68145745276007,13.911205071822593,12.954137642071004,11.993755287018496,10.722342495137104,21.664743498076547,8.90592462107297,14.820761100029289,12.917688163911784
26.09034742077145,-15.510214060757107,4.801542601944227,26.389177802374842,12.09548383675181,-11.664083004214433,72.73787459200456,57.09638034772069,11.441918956768745,11.195274945110285,11.87975754499817,10.589831625477592,13.889416073762334,12.940071045740453,11.927325488019525,10.662105009251201,21.64228661082987,8.918863055803925,14.742364917361362,12.849331463829728
26.298932149872172,-16.19307389932071,3.84730475045224,27.327063167142462,10.771679383059649,-10.541711509231178,51.69910597577265,46.051885436533254,11.829051047328733,11.582904278989346,10.856852846972265,9.695215719986452,13.837749948145898,12.964940966661075,11.34981358310376,10.145021754000885,21.88041828282053,9.237091051858869,13.836032000763787,12.078322493716517
26.377668788504423,-16.710749910633353,3.1745452182645333,27.632272596636103,9.980454667270237,-9.847633495693643,43.671546860255056,36.48116821295693,12.370018654199697,12.079148784528158,10.233278301610092,9.160920049665704,13.871879063296916,13.036724085086902,11.204246998951017,10.017238215723491,21.986962180000063,9.289936625252068,13.56195044227751,11.844187056310638
26.834691245580217,-18.509881768840387,1.8254573849634355,28.24492707364311,15.938823692453639,-15.93842812418302,12.002481531526888,10.026666503109965,12.460127973208358,12.07000911697314,9.867652987822543,8.83770511249147,13.912629042936004,13.103698906479593,11.117802724175268,9.942531253034765,22.41625701434475,9.432803189881895,13.224986437063205,11.565739113131814
27.24847712280564,-20.070928068375707,1.075159761609068,27.931342225294728,14.950577048210391,-14.941988460599902,9.414437332984386,7.648220828004486,12.287431212002815,11.814839477815326,9.732604249869608,8.70868135038159,13.852715184440967,13.042308853453733,11.110755395903178,9.933289698420326,22.747645347610813,9.369652492822922,12.98092438785604,11.356988504873105
28.296900580161264,-23.172092804308505,0.05552187387372647,27.782308457874937,5.010901645722839,-4.214081404886528,7.458746772043324,6.146000284178936,11.573367648594001,10.646875531382406,9.391820502313182,8.364085675602572,13.523724515805782,12.58658913491901,11.25407930082806,10.04241416513623,24.206811211004293,9.07710543214715,12.446812991995271,10.907111129646818
28.58435166229242,-24.074160651271313,0.39267326183070334,27.993765975192783,5.400940243832281,2.7765183917987457,7.9491904308518455,6.777592862038864,11.800544713574624,10.565175482678526,9.056019563746199,8.066265362889867,13.42583930576194,12.186807930989545,11.204099196968205,9.986266889649691,25.391950518360034,8.793328322751563,12.098335897943095,10.612170075434662
28.682520615062714,-24.352608939474706,0.5572375250780952,28.305658816070427,8.180404764322702,5.7732013911728615,7.477210728532425,6.467355789194667,12.125625571551666,10.717013467271514,8.672547221481599,7.733349012154625,13.301699775656203,11.814087581902228,11.156239131790082,9.930771130755637,26.00710730640003,8.572616805981312,11.987209785772734,10.517211454225908
28.70927081236985,-24.4258166088061,0.5519286819788873,28.455089009883068,9.803586850045804,7.444199511049334,6.517997458141991,5.681436058900258,12.214096690847441,10.72165272974614,8.022319300192514,7.155667621958563,13.237701848798366,11.632591633131383,10.97361374424313,9.761944342483874,26.31059894316178,8.43109893588857,11.869306909212089,10.413263525593898
28.7154721242631,-24.471412461754966,0.5584829055836705,28.57210578505509,10.660961873233788,8.147459142841896,5.820975813250062,5.092570143174931,12.568541142330844,10.970395194571466,6.8963743231725365,6.15899067953187,13.3320521057841,11.629169778495651,10.8122372575372,9.620020330527742,26.615270227148415,8.206915297209306,11.749396608041181,10.303920739594941
28.7064713099293,-24.45937111822215,0.5999329467756354,28.612648174596774,10.713644300868168,8.114776097533806,5.694188206287696,4.981705779339503,13.117617604382986,11.529411681451222,6.136913523097271,5.495736379837647,13.388085256018627,11.635924200868345,10.74680906638178,9.563069377157358,26.735477157011445,8.120806723250837,11.704222316371386,10.262702155149128
28.352413850926695,-23.528605352463288,1.2298992546139473,28.78611715773548,9.798221671150031,6.813249849069905,6.103743939922222,5.304037069754521,15.87249377739522,14.557794392988924,5.504706799676856,5.005499717934034,13.835207068452263,12.038325982347274,10.319067926322811,9.200902070956591,26.769744188173462,8.015697958941558,11.72222789398009,10.274330728352535
27.830850091994336,-21.821495256003203,1.0890354769103214,28.106309822325294,8.034625257073003,4.576085049785775,7.4564502359794105,6.399184946487211,17.635677395031934,16.516034162272945,5.349390673963176,4.9114336018997955,14.681485511136572,13.004247097685749,9.566382926462861,8.566107474063418,26.716736068430606,8.048904911739072,11.680996711360612,10.23887187864604
26.81393107174125,-18.387226703567677,0.33879689078251535,26.30089151331998,6.193991457975528,-3.3508071592829225,11.712546696672316,9.625691462207614,20.778094356022734,19.949748017142724,4.494683979685912,4.192092836471484,17.405429433879505,16.143265279936003,8.36458621934916,7.600691987379208,26.25927685615295,8.945466000348745,11.55887968188161,10.16318321644293
26.41848854889426,-17.178583591765133,0.2854348000319753,25.957437751766783,7.90039984725712,-6.42704258658452,13.461330065860826,10.879801158555203,21.190296353908252,20.441360579330834,4.581074142032576,4.284017228898386,18.235521872000874,17.101158805778823,8.199984289590237,7.486036068006932,26.04571899485404,9.602667867418106,11.48079641578643,10.118656465088652
25.97617612157802,-15.754656408501162,1.6525320073209822,25.87572971896103,13.26731046958841,-12.908313113324269,19.475016300800412,15.173628400173737,22.384443731317532,21.887539168046487,4.742170059807376,4.465077039117594,19.63367823138495,18.73841162516635,8.061261202168353,7.417731085654666,25.826119449949317,11.150394812665823,11.648637414079564,10.329819029301676
25.947249827587257,-15.68212992595383,1.8159560057911377,25.78595839610479,14.229190767006855,-13.952463540860265,21.43660869585106,16.604436724878518,22.522490956959018,22.051270975764695,4.769345044324087,4.49394092738056,19.759575882618662,18.89427389767158,8.052529344844965,7.415096740482186,25.78326070550591,11.409167775855352,11.679928329155498,10.367717501519229
25.90335945325208,-15.668836907305462,2.080325784340732,25.550661912399736,15.339178874834829,-15.153886278008486,24.30422082991087,18.692984818715228,22.58604316933534,22.12948131541009,4.7644707786614875,4.490795656629604,19.84011613967712,19.00449692485111,8.05570443881906,7.421714137287607,25.709955311740146,11.74603286494974,11.708283416655716,10.405447145259803
25.868285976197257,-15.908106192052202,2.5847924221926606,25.085424073346147,17.100149263004198,-17.012361793711335,28.899408787267454,21.976347244811805,22.476733520191033,22.040187293004678,4.902782992544843,4.618630135547594,19.951331295272155,19.161411768607067,8.053456012882501,7.424531622752347,25.613610993822846,12.330624102270065,11.695551818002015,10.415825690064754
25.883700053035653,-16.07873932753617,2.719992161320383,24.955073276898226,17.682234499025157,-17.618976835951216,30.86867672767258,23.390829280916076,22.3828426720803,21.95692773712841,4.985185338632358,4.694062977596179,20.02690936489165,19.26084498142228,8.07451125144413,7.447394829670939,25.577845473351886,12.528410210893838,11.682500250055499,10.41122542415024
25.895740424055674,-16.378840685235033,2.8533094545348576,25.04127686620407,18.471805513424414,-18.44160136004166,34.494199859478634,26.013554247068758,22.204634092669124,21.7869336118367,5.232514000431157,4.9222615597666906,20.18697138161241,19.460692531806757,8.116883936029513,7.49335945451276,25.537181463030436,12.864683029663226,11.696604550419806,10.436453775563075
25.893480607522008,-16.456719382964067,2.8877995923316946,25.13790097011024,18.702982419737197,-18.68534692908493,35.982920346127635,27.09856455458262,22.061128109024196,21.644440644040955,5.463784292546061,5.135476273847357,20.210217490485235,19.49429813368407,8.14821841511204,7.523383074813781,25.520178553293817,12.961120690086858,11.710235027901671,10.452104035497829
25.88812369133342,-16.736764319011883,2.97579360616034,25.37076726283546,18.92370011338457,-18.923557343432662,41.05197587990071,30.891438681419487,21.620453052571293,21.197370638337844,6.164234364852696,5.780371845034341,20.467231507766087,19.796142956797084,8.27939826060325,7.655380681014028,25.503803254280598,13.124497599539609,11.765588925779804,10.507875029180877
25.92915294554149,-17.18483115676959,2.942465496156966,25.39631209607304,19.09039004202876,-19.086593107247097,45.405916961727314,34.1366063588956,21.40850188455289,20.975660480494966,6.610552600876629,6.191882346406415,20.6086330453399,19.959319948610343,8.401654528611875,7.774626311045874,25.57427401822497,13.33162319229244,11.853434553747196,10.596386674944789
26.002810737828042,-17.86088336083219,2.5854890291596297,25.216437719537026,18.900675925156747,-18.88356839229334,50.62307996692463,38.10142435626356,21.080857689447555,20.643724186256932,7.266083149173631,6.794665277698496,20.701317695592735,20.06161849833036,8.515580270575652,7.883918973554944,25.734570274153526,13.715750346767663,11.968090337322579,10.718182775682976
26.053823563902625,-18.163565837672564,2.3114958923324163,25.450542082554733,18.365655907375498,-18.339121348499233,52.483428781942465,39.63620411858033,20.956924622361356,20.51882435816806,7.505173765073583,7.014123265360497,20.739496832599343,20.10573696930294,8.579478016886442,7.944870127905005,25.870075658517408,13.97871731460458,12.029498496514625,10.78678637769629
26.172253360746026,-18.807864678858905,1.6899342828227406,26.0938843901281,16.66447759613675,-16.61700872581143,54.72823302909389,41.77368527497537,20.900476078862397,20.45959912342275,7.731019351823739,7.223471072808326,20.71178901834321,20.09070169335618,8.733336148885012,8.086165495076756,26.027785212765394,14.23249815007324,12.074695569404005,10.840770677918716
26.443762339988126,-19.60489873557613,0.8074542027299542,26.73213663807642,7.478988281451848,-7.345129403985865,39.13167548127268,33.856533273528576,20.875162178710582,20.42479708283919,7.865909817491558,7.348721566982112,20.460494334998543,19.832564069692538,9.276400826642279,8.5766476243477,26.31206081783742,14.538263485645302,12.012016660202704,10.802321688102397
26.944176756760953,-21.35678762863263,0.18976335826885996,27.655321973456903,3.886140674985228,-3.833570558276648,33.767431460164346,28.25402809702705,20.76560327998243,20.243589777686623,8.193622357529165,7.6499699692388,19.899052611879398,19.174195831076872,9.815813265269071,9.047397631204412,26.64373290218441,14.728697151377574,11.953675621273868,10.764243787895012
27.340531879488253,-22.453341313022065,0.5656687211615652,27.700091531793085,0.5770199910073188,-0.545077637399416,29.43625405226015,24.769027356987383,20.120109879943215,19.466183732301047,8.592245156180452,7.99268767123039,19.5765497339857,18.75250673807102,10.042922385747643,9.240891150315393,27.113701136605272,14.821974102256561,11.874823099538334,10.706628096258354
28.10635180515368,-24.289567263649346,0.7412445435294185,27.514191568351546,4.005339132622993,3.65321770956821,22.611088110625595,19.33356917138455,18.8454107585041,17.850128088321284,8.895936081931866,8.215784056297881,19.07996310598395,17.99231139508339,10.447757599888595,9.586039405446794,28.01569108452651,14.820666904898687,11.784066321826556,10.64366833581437
28.246586305832494,-24.626486202289044,0.794237927999343,27.5602981619236,5.470792126457894,5.047524979751827,20.246064607678562,17.419426678840427,18.583844745539835,17.489115735375094,8.907142801941372,8.213489520260572,18.901612663089878,17.705838845902363,10.522582992249289,9.644191158952735,28.24931294005117,14.74161644858762,11.720420689875391,10.587959012645175
28.3823025945251,-24.94355743515453,0.8273410162697189,27.552037205680648,7.047736643659476,6.506581562194654,17.692053666394017,15.324673778460694,18.379642357081508,17.189671290895575,8.900078218677235,8.196811551112935,18.766044355804468,17.463409866245144,10.539144878343714,9.651319894651522,28.48723558700155,14.678231089824862,11.679435315382209,10.55286849276173
28.715415638310446,-25.646228188993092,0.9718220468274202,27.156600257228313,12.04097653971155,10.875831633122559,10.933756929034411,9.689490141300729,18.171578251537994,16.76293079813945,8.824546392549413,8.114363270977455,18.17100804181956,16.4159717172828,10.39325464069205,9.480604556338257,29.18902882246647,13.959589041099775,11.400075214281884,10.287132946238483
28.747499379025157,-25.71120294813602,1.0048519879439142,27.164768292559934,12.931674534353533,11.596923744247903,9.925052405914652,8.830380370265914,18.16380594122657,16.71767837728187,8.733237924817201,8.02950741385352,17.999014907657624,16.132196461464872,10.265273014664695,9.353500654354766,29.335103280649975,13.63423903431746,11.390269904646939,10.26813087784204
28.78890148656572,-25.767089520201722,1.0917927078827094,27.285582458119503,13.308771153499293,11.829415441795518,9.425115244131257,8.400502178661021,18.26624690409588,16.757454535601454,8.468968518371426,7.789092726286884,17.692302245802466,15.685754297178704,10.048835553736131,9.13885927200514,29.381211373762085,13.23125355823312,11.187712824893532,10.071086475264355
28.795536501982355,-25.757105944986634,1.1529943786015122,27.323695248608797,13.199920545512327,11.70901299524931,9.44332765086973,8.41302227215917,18.47898620418644,16.968915769584314,8.201651977927659,7.5504738090788,17.695830436503257,15.684782280553947,9.984893502545242,9.080601809035183,29.356404783862644,13.166137682823319,11.147062531047712,10.031494113132844
28.77104682216745,-25.65844117520048,1.2912963025098965,27.312617456993394,12.846897877651855,11.347438908568336,9.571932247678554,8.513996129752638,18.920478221839517,17.441592900919815,7.818346639460491,7.212573593404015,17.812417022010948,15.814723404352932,9.83905523482405,8.952897701844076,29.333100300497136,13.13377154955046,11.116121450722055,10.002096534522433
28.6649873626765,-25.420365977661348,1.459532051195233,27.138190093984807,12.255483721379363,10.752999363690549,9.805602096428048,8.696681197817103,19.20798994204395,17.76933939869312,7.541630264175854,6.967713467519316,18.139376811117927,16.20558500547689,9.52581317644532,8.681738274894455,29.304415615784023,13.120786296001981,11.092303554759468,9.979685510765373
27.49524073588813,-22.085798429510092,2.1000043039027214,23.882137814735373,4.4488832214706235,1.467444900625793,13.420584828751037,11.330266913253713,22.992262706500156,22.026283032771133,4.956866179834954,4.661056918442459,21.736963806281096,20.457204356804297,7.514654142308391,6.974760778001128,28.76456446184673,13.934401658656299,10.642465278172791,9.594505450428912
26.914264151475095,-20.2446898588706,1.5162598807936165,23.210848772051328,4.288585110068283,-2.554134231396233,15.552991697475258,12.843152530530661,23.648773935367217,22.86189545473033,4.205954092358037,3.970046011341629,22.596009783363854,21.51098683197675,6.893376830195357,6.427275590952403,28.578451708400593,14.609887717726991,10.430612013542252,9.42390220890261
26.100994188487903,-18.179065560644517,0.1133064202531346,24.039366519969228,7.826678259672576,-7.574953506553598,21.653043761742936,17.38610210277723,24.05133934953588,23.434326517676638,3.8521476601327302,3.647979784846811,23.08109675707928,22.17857978269501,6.372542194656285,5.960733431413194,28.32470299478925,15.613143759711988,10.02863788682794,9.089856536332812
25.931552668017588,-17.764107677005185,0.24611133608586797,23.902094184153707,9.321229828790138,-9.22429980850643,25.532883161221072,20.31580600394796,24.05894743219568,23.46297175332907,3.823628176782875,3.6220631992908796,23.087481078158504,22.227836631186875,6.294225078216592,5.889071947687721,28.18936343865451,15.907684375282486,9.847264361218972,8.93268430666215
25.882285852519516,-17.66609147451851,0.3587082577815469,23.858527289935555,7.937496835759532,-7.932892109941662,32.315906600598105,29.20637593393594,24.02754600854206,23.437948920451987,3.8692208492590607,3.665253262906071,23.05277199406828,22.212600867726152,6.261048109057289,5.857703852118181,26.64457361512109,14.181476722387643,7.976915622559067,7.235946799884088
25.75513447890438,-17.53076262435627,0.5788984780023949,23.68263427437598,7.776540311360321,-7.605481034666397,40.3827672434832,33.7422564484102,23.30459512155676,22.69460980270388,4.390675369951326,4.144615753664695,22.586472652132187,21.79413784251537,6.3333995344442,5.913173372497786,26.055638983404975,13.659033162833765,7.314888485182366,6.619339242022415
25.636114927376184,-17.469953937126206,0.7973270031261419,23.474745270743654,8.372128773768281,-8.085679026895036,47.06103974906872,38.20217137848741,21.994858247057437,21.326172531824938,5.0704257346357,4.755825169909803,22.28844026886523,21.51279874624292,6.395776962604088,5.963924724107296,25.986846715596243,13.838857475389403,7.341046745785941,6.635718087388063
25.586425328884786,-17.460925707110036,0.8681234288642823,23.365510650027613,8.784925149425817,-8.435538219652784,52.656827330150755,42.32541986115517,20.87213246295761,20.118080956032586,5.715340429648511,5.330685357763877,22.03342606458807,21.252717236773236,6.4505394913366345,6.008361648628726,26.003092585045295,14.076371322372822,7.5598504299891625,6.830769537551787
25.560448625824506,-17.53530777709814,0.8296117664512223,23.34572290542479,9.781028378348793,-9.352711250888703,60.266259598294695,47.98515433483364,17.866243715035637,16.843494330110346,7.2606940406904,6.667170996545287,20.59719262445637,19.70718909007931,6.606960561376654,6.11134567374422,25.963440129109273,14.591123367804883,8.071305532748342,7.290422753618932
25.569156149454187,-17.626270251131388,0.7467169224210379,23.469687086398945,10.765008531110198,-10.330878116580479,64.28866198708268,50.85657662722393,16.4466572328638,15.228676591358479,7.799762336847148,7.107642245513061,19.931423961024336,18.95805674440301,6.547049312227374,6.036621091495374,25.784390845237283,14.721067587133106,8.291903022780392,7.48318318086342
25.62544601959908,-17.89150429952538,0.39023090781333486,23.791166264517642,11.111385065409905,-10.59973201863238,69.41476601401475,54.82230160412842,14.48132216974929,12.872108879822036,8.293240366131927,7.475737952585678,18.265575698927478,17.07834065724674,6.33112417924071,5.789086932309135,25.341050928424693,14.68836978599603,8.378365025717137,7.544086862238739
25.68985795815675,-18.121503673882714,0.13946312066637812,24.046730558998213,10.495041805942492,-9.920811830439973,70.72829442563638,56.084988914414296,13.746223702400812,11.982883869421102,8.240254226083303,7.397767675171254,17.34000830697505,16.004181471526877,6.234696823309948,5.672851674907412,25.064411838231194,14.524209842355688,8.344912972000273,7.502349931781841
25.955588462034626,-18.86642274094652,0.3777853737102758,24.72619476897673,7.146114095028565,-6.281648332088466,72.77336587582506,58.92922193869442,11.92171553592135,9.94124780931692,8.079164925229508,7.181642965305014,16.206611731991785,14.519330206608487,5.906718483567362,5.340767644543585,24.719295834447593,14.173689003061341,8.154971706800364,7.31571196208814
26.20952515706034,-19.741735686402606,1.0554368114029233,25.568031067227658,2.8640058793743606,0.31998280620085495,73.68949758839615,61.86136490313505,9.757257147189733,7.348598767867088,7.896277298704484,6.9268315710264305,14.89071282187652,12.611707026674864,5.539504594829312,4.965615330427699,24.45556113886039,13.733938089993273,7.774718102124424,6.9603079908766645
26.270641827227337,-19.96648978039829,1.2447973614588805,25.826801476912028,3.19640734115157,1.8609172113344812,73.33507764770506,62.0676523497279,9.43058459609901,6.882341966750147,7.833460707008432,6.855508735005651,14.623201393547902,12.207084496086722,5.4367133555617135,4.8644369858514445,24.363178165146678,13.492228092343879,7.583190165084781,6.782277897596655
26.453407221642152,-20.44890812359904,1.7214143013660075,26.302989230252834,5.417515573596631,5.226597191948628,58.92343124147792,52.472855899877274,8.992594485877419,6.1290468344788,7.7135622263078325,6.725244283600077,14.295752405183492,11.590793821409932,5.364388573122752,4.785635024264734,24.38858331653202,13.070015772784643,7.114331761279822,6.353308805287579
26.551179837492867,-20.874702261212335,2.0493671867645857,26.676860572044973,7.367804747466295,7.362778740215489,45.24866002982507,40.015616434128894,8.9269917437814,5.8337376430701084,7.6387713938353325,6.650877275544099,14.224543916106569,11.34609683632253,5.232755140665041,4.66354834693903,24.40035744938706,12.649775006237036,6.8010695785189546,6.064570225267759
26.820129563851594,-22.21840920859323,2.541202702519414,27.218125706912705,4.640609835544495,3.14724099715842,10.508856593556896,9.363656104075824,8.447133138227883,3.41544799751685,4.937903227596703,4.284730335702335,13.500209642796364,9.585722565951954,4.753182925142421,4.206491216346303,24.655353297287945,11.256724187908958,5.7959254052042315,5.144570167190414
26.97205508621667,-22.829766275925962,2.522756097422447,27.175471617140765,5.4844006884156045,3.375839052238817,7.112001477041323,6.2598215047582295,8.682517055474477,3.593272709689117,4.878939655916423,4.2313354202872,13.243002267783623,8.708758180299554,4.308179215553392,3.8004818090686565,24.647218637402148,10.219887347045997,5.2963506052031555,4.682776320586143
27.166789955548722,-23.49340061939654,2.791864400365499,26.906718235451944,8.869226328798959,6.262804788902727,4.471997903690083,3.9149137103233986,9.717716489307236,4.929527165658541,4.480620382448057,3.899019233362521,13.188683102622406,7.868667597107148,3.6801659884350455,3.236119156715818,24.866169805322755,8.928107668264857,4.519476881994565,3.9767854117517167
27.248363144829625,-23.713452862071478,2.9656422724391063,26.58519907380707,10.64049761633683,7.894031541038274,4.035753853558328,3.547128762542496,10.229879919518936,5.706193782792823,4.221454352565692,3.6834817657302583,13.211537854958067,7.631532033997843,3.5169068372967462,3.0890667274399313,25.050389905032517,8.454818096058332,4.2336230631619785,3.718707534160535
27.37870582914465,-23.952545115455223,3.0774097300609333,26.229927165528157,12.35209489573657,9.497972953803,3.774341747235999,3.3364225693013077,10.78864389188007,6.575651654219811,4.181614900773929,3.6629051012798572,13.234696453423481,7.480835694891411,3.4712816470192145,3.0460048750036743,25.420363827692256,7.6211570922741885,3.9643460683143616,3.470413263235577
27.58839834199162,-24.229333317344043,3.065842720189664,26.097220058525185,13.398322023950442,10.393143337968354,3.595725307823322,3.1900987863351893,11.411694231587546,7.49196807678382,3.9803686173752624,3.50161288973388,13.205854068553606,7.359957602377264,3.480787662569505,3.0518608912606786,25.850943974659828,6.86516968856553,3.957179623727735,3.452240199213095
27.753898033875004,-24.44390747694868,3.0666977342140145,25.99902360630429,13.649501599086989,10.527164948315189,3.533860042805873,3.1370134498641438,12.36004458116247,8.872972146639,3.7294644119139164,3.301310333371384,13.236292488955797,7.369469108841173,3.4728718598438992,3.0448638269214654,26.094685549069823,6.45338138796204,3.975486262538086,3.4620131111623276
27.923015882933555,-24.67916520193431,3.130465131612977,25.99505130726791,13.637303232642807,10.371720462919455,3.5907442906310183,3.184423530692616,13.582269192311799,10.769388117666026,3.1875227465297593,2.8456879011948053,13.273431501596406,7.406987670562643,3.4780161384264083,3.0495855771941733,26.3124714604034,6.086627579395952,4.094364656941846,3.5597062576230956
27.99327890479765,-24.75544482890996,3.154907757864648,26.051111132072105,13.200400211854685,9.810774859008873,3.8396704924058014,3.393837119776201,13.757678852059485,11.060332200481554,3.11512202500848,2.785684514309179,13.399745056569003,7.7944085221155746,3.4651889284171187,3.0431397041957498,26.3608524901735,6.013731813767947,4.169792394548901,3.623941240445678
28.071338522340085,-24.718742880418702,3.097980892271992,26.319469330995652,11.451869804976837,7.995639351177346,4.549695260584555,3.9799860281007224,14.092901209684243,11.644919745718553,2.85429216573808,2.5595180391394474,13.804252849857761,9.112299183317347,3.4516094458416617,3.0484267080617355,26.34567061960692,6.051722262428285,4.260842670488535,3.7033530636946947
27.982311779345594,-24.193377201703967,2.9457797540405086,26.774720853415484,9.754040641387292,6.199369333283457,5.529920708066468,4.789643699125392,15.178877437613266,13.150829912838802,2.511800973694622,2.267770371646549,14.423181542554005,10.529215299794757,3.5609022152167857,3.1654157307474513,26.262772557956993,6.373827030379829,4.530273011923374,3.943381489971637
27.53338562477299,-22.603434026692412,2.330845037046143,27.478359494874283,7.181615048839632,2.8619055983612895,7.44484838603248,6.330847833653012,17.410924021683,15.906302538335538,2.2863433069922587,2.092330546761041,15.66951236547618,12.73661462344569,3.526678502880461,3.165824016591554,25.974254538168083,7.105948103609265,4.982350965064185,4.350054714675418
27.12511271736807,-21.366889640118245,1.8934262083988262,27.467039880899375,5.861932245775108,-0.28209730291708013,9.014148505858637,7.534988074191634,18.842255362008785,17.582983911687535,2.2002776380410785,2.0303846045504006,16.494612010560303,13.975912242751832,3.6864183847664203,3.3289931324506927,25.717324775319412,7.883576400443445,5.422569433257004,4.74976011180825
26.546795567641908,-19.778982823711843,1.2356773075801868,27.35185631337362,6.652153896609178,-4.732237379801916,11.886596462858854,9.696081287973302,20.08077566372981,19.075777347075203,2.3435586610582066,2.1798689222139016,17.54513266774839,15.481006507740716,3.9342155223653443,3.5778773137688615,25.359369112376243,9.021070970133664,6.027190771707342,5.301834039660533
26.18230609315964,-18.891808012030296,0.9498385243148861,26.883978950775937,8.835292692265682,-8.079031591834834,15.472311559806622,12.388405906114546,20.66279526943657,19.792242829561758,2.5330899728498264,2.3646990355170496,18.30169458995701,16.561649019941484,4.170677527833552,3.8110954038628195,25.19078078158472,10.167935051417444,6.590712308709353,5.823379664926102
26.00557226260767,-18.605130913782048,0.6750928136325386,26.40108719792443,8.179119081543945,-8.143960214843204,28.758970025647997,25.693003248131316,20.79673992631146,19.9766876696454,2.7126732660492032,2.534616288545872,18.516759620502228,16.908748789666774,4.429163877572176,4.052989054800836,23.563078571695797,8.580349123045295,4.827245150806243,4.262613055735916
25.809320413812145,-18.44759770589468,0.2171519865907376,25.66072846489205,9.599248543902718,-9.59904841367846,34.28314410476547,28.20808449771796,20.625799378762423,19.85177659066217,2.984014253172176,2.785064863928191,18.530127706293854,16.965911025134744,4.571408896903065,4.183809870369397,23.44408163434531,9.226157371431142,5.082301178603301,4.486520735062423
25.582603331061904,-18.43487529519686,0.34137671569319317,24.586988443865742,11.924607127312242,-11.900123281765033,45.41998387512974,35.79114475939185,19.998513527583157,19.2790476333344,3.666939243538118,3.4098407861188345,18.34683385514373,16.84451609181724,4.799980944174407,4.38835324521133,23.578299836563247,10.023322771197826,5.831746110762581,5.157881287824013
25.511201556139127,-18.56603753425044,0.5170737703672519,24.164631140369103,12.612870314784402,-12.558952031210225,51.387433059520305,40.195131019756246,19.05206205386193,18.324617891454707,4.25146604809871,3.9322846069668436,17.995522575259827,16.52791166277845,4.981893880217148,4.545373879918084,23.575616815236202,10.339079007880343,6.24283352799775,5.5231115645078015
25.5169795018746,-18.675278165660487,0.547228388661671,23.913267269586445,12.589997841524394,-12.520055435445713,53.672138801258285,41.98079942882919,18.17562789669205,17.41895315096042,4.639801316492308,4.27084363348463,17.863833290733055,16.40775542448543,5.039934551924577,4.595115171947646,23.57386065810985,10.448064631816337,6.395253667376848,5.658276740622227
25.600616515046426,-19.03194809182156,0.49011032061861626,23.584840000095102,7.446367990389831,-6.851538128553329,65.6270215996856,57.770904575609784,16.296551719676927,15.43306053654112,5.482555770959837,4.998293171414096,17.266155918865337,15.802096316128313,5.204923949359222,4.730076066472981,23.56045277226832,10.725822892742329,6.75671824231733,5.978838819627572
25.648494058341726,-19.327737427064065,0.3429162786777749,23.381804930635713,4.513968489022631,-2.627013058254093,73.0773230498704,62.22413141235596,14.874759044656145,13.863306199351882,5.915227789726531,5.353572434488281,16.698486849140096,15.188724806908851,5.23341667102032,4.741702991284132,23.45351597449158,10.81229388618138,6.996477956092731,6.187438800313655
25.691811468883913,-19.47233610155834,0.24324059192257472,23.251579495925643,4.462639067204577,-2.3038514898997704,75.11755212770478,63.41799238489788,14.061925639421787,12.912004559123503,6.194205810074131,5.58078576527914,16.11050536649921,14.529391505570175,5.313018402722,4.7978831812924705,23.33835034310789,10.798187432564859,7.114413886795242,6.28701763717122
25.831883737562094,-19.788832060600896,0.07373199797272063,23.184869096524853,4.814633877895716,-2.6897250590300246,78.41554121625154,65.36265443747342,12.583723195524612,11.11078352134544,6.681264108319753,5.967317434795185,15.36062880105706,13.621589529745492,5.266144793820474,4.736519961791181,23.111417491687348,10.703950947021212,7.204670236607662,6.358025316651879
25.91163343743426,-19.91712512644274,0.2699587877981655,23.065593671438997,4.989972955083488,-2.9666841492564373,79.481921021776,65.9726926412166,11.647730659997507,9.881873168951003,6.966891297247543,6.185608637458853,14.750545702910983,12.911620351644956,5.2302071485290496,4.688630567816565,23.025206820730375,10.674508001907014,7.206605224063279,6.356709062604088
25.96512765685972,-20.02916261268321,0.4192662292601246,23.111115153425033,5.07181869854989,-3.084281815011792,80.03836973770342,66.30330268931706,11.101734881845971,9.092660184560657,7.055330677184759,6.24094327887961,14.074594828509163,12.13806297906686,5.2987025509157615,4.731003702584202,22.886126375161695,10.61166267799885,7.178415680437991,6.32752837741866
26.11117993581155,-20.331432590853495,0.6684689548993479,23.483119243405724,4.705315875103992,-2.5530611518742745,80.55606120003613,66.82564146661194,10.491486814583595,8.093540626635345,7.008272874742944,6.170972648119518,12.825925258781979,10.596150469694393,5.19741251006157,4.606984117948533,22.489380134660564,10.29514108919986,7.054433031931166,6.204369816522774
26.44377754519587,-21.06928043272886,1.1808146307442213,23.85898490719863,3.6744061821101184,-0.6971461788877633,80.81250065204256,67.60791854846863,10.228009347867015,7.583836349102313,6.893912057959725,6.0567165923719655,11.807967659202944,9.155494628890523,5.032233484068868,4.430107120624492,22.060071296175863,9.580659536833167,6.747591510456121,5.9135534353092485
27.047460508471403,-22.18927920842748,1.6158170706914452,24.70878568780196,4.355344112430032,4.141184931994729,56.70495555407841,52.02122916915125,10.181229869634478,7.496326324127338,6.79504641566369,5.967718476530359,11.282550830481398,8.03254941973077,5.030935186951363,4.40477953619294,21.975844567241495,8.286270047990001,6.2055099507951645,5.409515904546164
27.383128430478337,-22.895956393830474,1.6033837313382637,25.262111311839227,5.543932784008632,5.5269361156745305,48.171185512906035,42.84979353009666,10.173353786954237,7.466831390783213,6.738042239961673,5.917077752506242,11.1538788053914,7.464387080372944,5.025873701406205,4.389158995785044,22.15410937589681,7.269849844753111,6.101847399430161,5.295838422119564
27.60860434266823,-23.348736545918484,1.468010901292607,25.48639044879616,6.513910099538805,6.512950686581206,44.48175947527397,39.21576265903998,10.187641274895157,7.443355652100109,6.663705300699285,5.851529300960726,11.125486344662875,6.963527471784346,4.985336206545274,4.344924088800593,22.421056416911824,6.53237570234775,5.926652876448227,5.1293603263852265
28.03788117762852,-24.446444001621344,1.538511935968047,25.539117403387767,8.781017187752155,8.703714160874327,39.23329801196671,34.59855252334031,10.30575226622011,7.3333629302339745,6.349630796373403,5.574106164994089,11.286537436422577,5.360112569714715,4.762333994142447,4.1238499113793905,23.801348911180042,4.699758983740651,5.588889441712462,4.807425360532725
28.383363427073533,-25.12966117585259,1.434047232333651,25.281663564368987,9.58602607138954,9.366473082126106,35.493770361106336,31.344927452281034,10.574442629618147,7.140414803620374,5.6662643711882925,4.972200417134481,11.63106468658296,4.2795270146506255,4.553963661634772,3.9256476838644008,25.138302348144578,3.127049518976719,5.347792988750067,4.576284280607186
28.733120373021734,-25.73666015834226,1.3173047678184955,25.03393134423673,9.29618587161417,8.831123830102712,27.04777221227228,23.812208547910867,10.883817864347435,7.038515620019751,4.854507830505704,4.259159509344557,11.91600372685059,3.617434663104106,4.3846906119074065,3.7683354648916714,26.125708943219962,2.061317923359411,5.206316820071519,4.438126508364595
28.995526234705466,-26.226152663923514,1.3465181710913967,25.05108517698811,7.400539267115391,6.536505632621214,18.775498943089975,16.392084716139472,11.287569459928307,7.221183609872895,4.166048419830479,3.6584208867773205,12.11226085966652,3.399112731530323,4.313852721214491,3.7037054916199494,26.713755574107864,1.4016442078653881,5.085736262273751,4.325579644427965
29.145867819919573,-26.492502589568687,1.4005577835556855,25.13779560673268,6.052060366261173,4.702603299256637,13.810144148501712,11.971598393040342,11.925508571227311,7.711573820504981,3.6010504666940917,3.169679443889811,12.26113677202892,3.485196567247044,4.296103625602718,3.6901252125159316,27.239410824125684,0.7699229361627999,5.065119003680813,4.297149495081864
29.19472765520632,-26.582814557654473,1.4424320294516306,25.100348671000265,5.637148388857554,4.09020583593076,12.639220930471867,10.926647365685909,12.507345509888609,8.285513162993595,3.515761208995824,3.1043595383383207,12.372578618745592,4.232785645969173,4.533460130483621,3.9093156873389323,27.462353297397215,0.6723664162250884,5.288232271178115,4.485305217445185
29.14412228161791,-26.460541243872015,1.5960495779232828,25.107832625852915,3.7687541366125856,0.9852375198420162,11.134605618926521,9.460407429532943,13.809950152032627,10.232434287159563,3.45674981554914,3.083028314532454,12.309701156474091,5.606192851410597,4.979119923067774,4.322098360380215,27.4621066377413,0.7355073329302257,5.622211501832082,4.770347008677942
28.183296957415195,-24.628878694550465,1.5980149659713947,25.95299187863868,8.10723052281196,-7.914157086883975,14.39877491780386,11.557038350293347,15.382542295412065,12.814872983326921,4.051327846313105,3.6634218129535587,13.218722265895536,9.198246333300801,5.682483469166625,5.016058064494162,26.68536463564189,1.7222023263638846,6.837068817858198,5.826027686521608
27.630327233871583,-23.65146172251434,1.0941282454108903,25.79772817848143,10.575337054312143,-10.524855654280785,18.004445127385967,14.227190991072636,15.72112952319901,13.405933675513452,4.508002812364462,4.088822665285403,13.475100747119882,9.931837832868595,5.961219107585093,5.279266090686809,26.20364727119491,2.459686087758186,7.511834572163,6.420578940456755
27.22053661849364,-23.02919299753367,0.544610809209537,25.18578181700679,12.500667975454945,-12.28841316606399,30.05435446732765,28.453438698075548,15.84118637342641,13.708366367851937,5.076370877038463,4.610332130461664,13.727157579401904,10.583991083575285,6.334389865561086,5.626074396207128,24.520008038155225,0.7660039913370014,5.615856069354783,4.807125879433902
26.781652044459605,-22.53414509517276,0.08266963564613883,24.165472558710682,15.418362363123322,-15.009790879245074,39.71123364531146,31.6357198061972,15.284265503082196,13.40386156718509,6.399546271954247,5.792079758924104,13.673742615771317,10.710848308610878,6.747290779372411,5.9939161881081295,23.82856304220104,1.6019208481329343,6.186324277563704,5.2903341967809
26.66851320927529,-22.4035270315636,0.2935980923693988,23.76885565761849,16.22799811451759,-15.813002902373142,43.024437632081266,33.589976365934305,14.958176688025617,13.142701262579465,6.884809594147299,6.219503574295436,13.621917986613738,10.71153338708271,6.904306341702231,6.132244138754796,23.757196290649972,2.0888097062534285,6.6545326360082075,5.6977555673469835
26.551228462254613,-22.246540283513156,0.5459059981027982,23.268388335585854,16.893334372999078,-16.454401941417004,47.42332723898755,36.46007211785535,14.242833042512416,12.488777188783132,7.6817190481027335,6.912297236274404,13.502797050017222,10.66851264728993,7.173511842798802,6.367846750051502,23.703748321551416,2.8702414880481655,7.461064136729322,6.402895606827954
26.494668199925854,-22.15714382844388,0.6848865747624586,22.847131350022572,17.398624050301407,-16.940475146995283,52.13423736126195,39.78931963913536,13.454245477642075,11.700432349794752,8.55863363635771,7.6680301212443185,13.39847267174423,10.6180060438126,7.334690909221987,6.5077115902262515,23.655360428258604,3.3786787971833263,8.032591895420152,6.90133255868136
26.454096863016645,-22.09246434997175,0.75253315589152,22.456696674161705,17.768134695616567,-17.271766050810854,56.800221368494896,43.18234363692002,12.913286149082467,11.12104842401105,9.203470814735745,8.220936209086405,13.113746499980039,10.37407522227312,7.7674392280275,6.8796035438095515,23.607940066949908,3.7115798922937415,8.4255520428091,7.243059340555449
26.44780192022253,-22.056633784224246,0.7837007596371945,22.218596917270812,18.342917411578355,-17.81136810705712,63.491957257249645,48.06534965305185,11.648918327654428,9.6109757382291,11.095014113309935,9.832474614075776,12.753846264268873,10.074355452723879,8.270343166218957,7.311049780279541,23.54451958868853,4.090836927675852,8.956186759623424,7.703603779174673
26.449951062558057,-22.050548132100985,0.7680859450454185,22.107452420835003,18.69793287618066,-18.164796295935815,67.36042303409864,50.871964012473086,10.926880214945157,8.728994617755504,11.958421667141987,10.551048815558072,12.681549200840522,10.010241407865038,8.43201821737639,7.451385596151567,23.503580720069834,4.28852972125668,9.229717410454581,7.941176249667728
26.47301654204645,-22.05465829916841,0.740039902337156,21.786504779777243,18.02151454898285,-17.420514256812794,71.64709401047855,54.36337444607035,10.011848441676506,7.6626119146731355,12.898961481364104,11.319681632666391,12.549919426021859,9.889928639625026,8.66766406117699,7.654713851505992,23.50604066123998,4.449984488685331,9.474771351849098,8.154555731764988
26.48949316852182,-22.062497239718596,0.7355843479146249,21.639617368026478,17.790546140369145,-17.171285578735564,72.87125471285916,55.37335567483693,9.806033452566709,7.441202105850039,13.043863169788956,11.434235446448607,12.50551285847888,9.850103220057164,8.734970587881099,7.712373221724481,23.511821309110957,4.485479698855272,9.534080643309279,8.206192027372955
26.58730241250086,-22.16998783138338,0.6822027504113939,21.25134425857579,17.032344012678465,-16.384567165200153,75.108864173418,57.34175542647344,9.255055361093582,6.88752074611925,13.358488148934919,11.677910395154528,12.34406297484557,9.756974398841095,8.978520783198501,7.922414472051309,23.53490895474198,4.584524141868911,9.732565603832949,8.378229304003387
26.66548193938806,-22.27693383887184,0.6394225021902704,21.233411967006425,16.628751232876112,-15.973805751135544,75.60891992957251,57.86502004976319,9.185809150089085,6.833332429637366,13.339484402394245,11.658482663430672,12.224923207453202,9.689344629414904,9.14903296886452,8.06898082616715,23.54517218543137,4.639993324303134,9.86281284806819,8.490938696058226
26.74035447745308,-22.38290435606092,0.6098607283046342,21.28182541701004,16.267421524121033,-15.611209410688758,75.93481599319657,58.2406318029212,9.180886443903006,6.853894757683889,13.303762535429202,11.628568563121767,12.217331629182098,9.707402705232411,9.217261938015929,8.129706548454134,23.557973560154352,4.675906562343243,9.945690390700149,8.562993139201104
27.088689117931864,-22.910499920044998,0.36503578059985037,21.70570481652134,13.520903721960366,-12.886118850522877,60.68011230174857,50.46888890647484,9.296358183744928,7.085952383509422,13.194123212174619,11.547309107761482,12.189074031961724,9.720591608450505,9.453272910850952,8.337651026759081,23.091600223054456,2.827526065958054,8.065350096842975,6.945144662673035
27.29489046537722,-23.318391215687654,0.05675666932148766,22.105930648967092,11.776339259475009,-11.278406025122209,46.1560806348698,37.45554245479412,9.331206232279072,7.1165903334150755,13.170430680177128,11.528886675562532,12.059235635012016,9.549719050648065,9.731413444069084,8.57489852726096,23.441729464110153,2.8144647525494406,8.679161856639059,7.452789868354597
27.687868897065215,-24.078484361127266,0.47025655095393143,22.64254309739408,9.45624143951187,-9.170966320746885,35.69849552963465,28.651711255803875,9.45464740027927,7.135692744040867,13.11077700204668,11.479957104065257,12.033648250358539,9.419572811192111,9.979430638344532,8.788910892568985,24.006777950668095,3.1051237176783104,9.464742434670484,8.126902096740356
28.497290332261713,-25.42202763467121,0.46449283897785,23.75015224169526,5.9317471113016325,-5.90542722987756,27.58071153626076,22.38904952877161,9.84726627830409,6.966057555958528,12.96585489875447,11.350411505584773,12.062289156404916,9.224074296071137,10.272160809153654,9.040207498849009,25.09157942897602,3.5696309733943963,10.40318934518404,8.950060633012756
29.293091566397692,-26.659247265665286,0.3712028792994058,24.58319568446455,2.9145826310517293,-2.7314364752513427,20.234560231312397,16.68585727177529,10.299931623099894,6.725256788553111,12.600119534369838,11.024000472629156,12.247793714754948,9.134145268720232,10.406838154537894,9.158465959351693,26.399751014084018,3.9461132038017865,11.021219317234495,9.504101274167498
29.693731359639116,-27.284826561642248,0.5494744706149275,25.132152977750646,2.2840708226009383,-0.48516210759215994,16.111178491681102,13.450757640148359,10.922084119507815,6.923217622447751,12.018874058916467,10.530373048109867,12.391568254940978,8.783851480513803,10.55386544496546,9.276444708889954,27.3309200867929,4.07076343987336,11.3491741339811,9.797991055122067
29.783490390218674,-27.444473991872258,0.6158710671869405,25.282866793392696,2.7689070459812513,0.42900880641104777,14.85892371864859,12.46712011964213,11.166331906634156,7.0436638096726085,11.841223764729161,10.382345914469067,12.515913308760076,8.768020857281599,10.550994889928797,9.275205915543848,27.594692513631912,4.089882566000028,11.410857916480944,9.853865449914949
29.926620585269063,-27.703389250032558,0.8063976336900026,25.495626458185733,4.663862622318021,2.5874621053877007,12.389577227350145,10.520058790535865,12.009825507585703,7.7594083373147384,11.104967034595163,9.774327460615755,12.7701719055826,8.728747937855687,10.381463955739598,9.127996864495184,28.14018733784056,4.251154950704162,11.452423347430974,9.901333421555899
29.97154157291706,-27.79431696790182,0.8941914348401196,25.70820607085147,5.4896648290301755,3.333216182010247,11.701618543980972,9.980061398051683,12.678810585588764,8.494512189759263,10.693148712538822,9.44777580293412,13.173312744086758,9.004507488449121,9.863292750652247,8.686194226397523,28.372994678954967,4.3673051807094225,11.380050041544829,9.845327158579291
29.980315556892265,-27.81652087213797,0.9315301620213996,25.804382035321833,5.642860723721668,3.4973985108753993,11.586090365210062,9.892267831292248,13.385638244477661,9.450376167617478,9.897286207572032,8.783715367247781,13.320258087125097,9.143731903052895,9.763177023950536,8.604818099960738,28.441931566790515,4.416984844821357,11.345102978351587,9.817537252800784
29.93744869952502,-27.75507981917464,1.0880151607798092,26.117682331200363,5.572021438568299,3.4477219825130163,11.61421396690936,9.914728619913161,14.355445884946732,10.9107744602059,9.23950190477067,8.257955689253704,13.861271897787702,9.885429970442047,9.421784077272177,8.333031502249295,28.44553549906564,4.53031868270925,11.344112609606569,9.820894481434594
29.475206417873068,-27.047584657431727,1.7398590581025852,26.15969968628564,3.2600253262936008,0.008111421145258646,13.580850638383156,11.375991620391483,17.238174346529917,14.808995847260817,8.312402977030692,7.571441356199946,15.695620022363954,12.561435740124182,8.751486901764896,7.840525497205598,27.99439789342668,5.271102211299649,11.255648338251723,9.768187148146847
29.022540341992,-26.356383092960556,1.9166459599916137,25.58107048179818,3.304011436443517,-1.9311718932338806,14.731454431279165,12.201985093174443,18.041205732309578,15.850947923077442,8.117386983775473,7.431424533049102,16.285243747345987,13.401494546136945,8.64840333944489,7.779620014630694,27.748847224712136,5.661406452367515,11.262875551469667,9.787677052424657
27.3369887779169,-23.271410602654285,1.3901873989114115,22.980195978130492,9.368615745453809,-9.364636805517875,22.053284167901403,17.52207709173578,20.33172098090023,18.745273229019958,7.795186736029403,7.238377439118431,18.524584112647347,16.352534590149645,8.49961908308727,7.755950271399192,26.622912804445434,7.370974899589498,11.497956627479974,10.04989206977769
27.09350749839564,-22.825235188558253,1.0871802439316818,22.457355110626906,8.929550206982952,-8.4229073321426,35.96809137987648,34.706631012457386,20.46325192767395,18.956583280226624,7.890282729027538,7.334515499135283,19.057587993156034,17.03139832740662,8.466640589215187,7.750826218883201,24.816620000293625,5.211121775650142,8.49896417908556,7.42861809811976
27.03050160807993,-22.7162419844568,1.0077070275090925,22.36914487768518,9.2795773554991,-8.641653525281313,38.699785054241964,34.846536423904034,20.438960833181284,18.9501031570134,7.942442396759766,7.382726518923333,19.07349545908005,17.06374615871853,8.503431532446449,7.785597460860949,24.4589129293293,4.824509184034497,7.989883675377782,6.974890841853715
26.767052122674414,-22.31652681904498,0.6158684599480408,21.847268254615408,12.095292338546017,-11.451771774814972,49.92195599023825,39.8132243910856,19.56015491456691,18.1594311087961,8.788267797209523,8.134372813966207,19.091692235816282,17.13883203379467,8.7057449768062,7.973148429784794,24.21256461348571,5.9807126924698935,8.265003582689312,7.212629907676047
26.713337757125004,-22.203137500932883,0.4523260122964607,21.427522977869714,13.437107560490375,-12.858123842800481,55.70403501446198,43.59386155322096,18.745645312223758,17.32956290675952,8.993301942709317,8.292014235302318,19.11874745317749,17.199104084026033,8.761551395372965,8.026801467890724,24.409882743273442,7.72104111961994,9.568955789025233,8.396223571989031
26.710497276373076,-22.193432788204433,0.44000801329760714,21.381177009395103,13.737038619100304,-13.168375916256068,57.50012770594433,44.857918358734075,18.50461624852636,17.080122948339252,9.020267496990535,8.307353418180064,19.12214931433593,17.22043059888314,8.74520329612519,8.012524451857562,24.458097869718557,8.098862963968273,9.87297970079484,8.672595585099165
26.705157371002997,-22.18104662195708,0.42532559831197564,21.283513494291647,14.472443538065818,-13.875428125962713,63.48323455860396,49.2213660907471,17.68682540890302,16.19621889068648,9.093446761366325,8.33937505118196,18.90066968689601,17.037865125044533,8.7284027230663,7.989147928283695,24.477011775739328,8.899901230549489,10.407567433334652,9.158960757625028
26.70868668741977,-22.197824029463604,0.44222251222654313,21.25568861266351,14.55848773330311,-13.839324903742124,69.54278027862357,53.900737602552844,16.612131695220825,15.055131362614233,9.114591590083268,8.312808906365513,18.625372450327177,16.830697659422242,8.634535378629984,7.893941625309404,24.423701500295635,9.462576878836089,10.688490837334548,9.41623242103578
26.71290071411775,-22.20813389620139,0.452674205063752,21.251296546098853,14.487803610318707,-13.729256760459748,71.18654833837046,55.20378314433257,16.39910182878836,14.830941452195177,9.169471342913504,8.353289454651856,18.42085394602165,16.654503926094776,8.586738197844516,7.842975667790901,24.393105038841412,9.59042984368412,10.724810796194692,9.450003115452036
26.758029804222986,-22.306010476673563,0.5737335799755056,21.364140969903666,14.322304167477512,-13.491270525137963,75.61093231235452,58.70758514671014,15.889507172235653,14.329680836716548,9.282142044317416,8.433886635394481,18.017738090180984,16.303954973625338,8.47049731630886,7.722825251138047,24.249239657124406,9.874291205505145,10.720651909416407,9.448130653312537
26.820322001631098,-22.43639640731962,0.7336037026265059,21.56710471582828,14.119483562510936,-13.240437616034583,77.68124896420566,60.40143547095446,15.66398035210537,14.108755806145396,9.262286495812202,8.406501524924774,17.757431656864327,16.078448325192383,8.426344752053165,7.6732591640149135,24.14070593717284,10.036794464339039,10.648193539047867,9.384960262641435
26.910453793033298,-22.608610067411647,0.8943903027219399,21.713568660764455,13.634366781897995,-12.716880465801864,78.70666699546004,61.388576351230505,15.533525115996213,13.98199614214154,9.211011732696699,8.354708408802495,17.642933382449314,15.97510153597004,8.35439462436996,7.603726816168827,24.031054600723337,10.15149407324634,10.595043269643824,9.338047339739013
27.07044902441072,-22.869777300581532,1.110764625620517,21.988673443355605,12.620254471248444,-11.617557451673079,79.73208051720391,62.59225428091156,15.507601180220604,13.95677770996771,9.18900563908939,8.333771516991266,17.50956079562914,15.851962776748636,8.240039854788352,7.495413569149064,23.871756091716264,10.304071468212896,10.462549415194626,9.221402855143575
27.30793737660329,-23.22453903040318,1.2478379228362446,22.15871267417788,11.2347223766279,-10.128685866360996,80.25045334565523,63.54251516970428,15.630489398979421,14.085945771823006,9.063337305547568,8.2246939646326,17.332894078427444,15.678545395976869,8.118062565341537,7.378430238518561,23.78222407958185,10.361076513490929,10.319718990618396,9.094809542339544
27.705759534642652,-23.811303040430545,1.4636233736980522,22.413539343254595,8.930017145032679,-7.64411072387756,79.70357146278049,63.99453728449661,15.747004851829871,14.215207134325198,8.765658719909798,7.959205848384909,16.920177257512876,15.24788447933065,7.975489671322116,7.233464804727092,23.781127620244405,10.387683712611917,10.130913040216772,8.92812681371037
27.91449592371052,-24.094307935400806,1.6267707397586335,22.592430749936256,7.765832364106558,-6.434080069012936,78.8662462056974,63.742997271424564,15.77002455766538,14.239697988671907,8.663405019137771,7.867203383575656,16.736487996841134,15.042736837320973,7.990427723455389,7.239178455998994,23.812997671882897,10.3982644978949,10.066015717813414,8.871285870656159
28.828314019017796,-25.54667556167641,2.0711452612731374,24.387186923481597,1.7271990729368554,0.4379048944154249,43.26289168721569,36.62515535965877,15.977780445671243,14.387211357518325,8.342953025213928,7.5824975979405576,16.649756156509113,14.829793719922066,7.934006828917532,7.181640166226235,24.611032749600213,10.62367025454786,9.756816943931204,8.616229656719305
29.40572806512722,-26.696549374795637,2.0457696445733258,25.88188193406385,2.973734516533085,2.9370640370162135,37.73377514101668,32.18678227116963,16.162976405270655,14.409991788679008,8.218802904366957,7.472881303357583,16.677131423074343,14.498181669708217,7.97181127173325,7.2081327719378,26.048390177349177,10.888253563554727,9.478549053861027,8.400564145237801
29.948969620131095,-27.66105893732839,1.8654907514330359,26.856905308089793,4.28109799470235,4.267875379110805,33.827841274025786,29.023204656615018,16.114686828612008,14.098049689422538,8.2789136094207,7.518686932798248,16.556066595869027,13.918084578906303,8.145519988826338,7.348834799783457,27.032037153096326,10.947068086341574,9.293069391536728,8.252517586167592
30.246581218587465,-28.203890735478524,1.858548503965342,27.24431930875578,4.952245637633695,4.893531658453483,31.012492932072032,26.67958366773795,16.086476513265893,13.897963007252685,8.324663032578943,7.55393115088691,16.591212063500848,13.70159742230176,8.20882716896963,7.401304845607436,27.59321925046359,10.861433803017547,9.262311299005718,8.230683742597995
30.68459876024781,-28.934819118772495,1.7183420424382316,27.506673886239586,6.368509720078549,6.17374552945482,24.10586672875795,20.867285655432003,16.110640865296602,13.646312134322173,8.273935018436823,7.501863745760359,16.53491106336935,13.052219834693616,8.324051613159552,7.486946314861143,28.761327647599472,10.518713124777818,9.477917136902263,8.42814688072516
30.84405402430349,-29.23127577504573,1.5692633830484537,27.742907662936975,7.757197879741426,7.232498884677099,15.861252238157283,13.801961944103368,16.129825007080257,13.512584774455732,8.158840014508758,7.394173629222006,16.62956836078311,12.786786476070006,8.355205348499608,7.508744009825271,29.438605973251413,10.113043213736844,9.644026571669837,8.571133235722835
30.91459893695003,-29.36419389488256,1.4897621265883871,27.95225248088632,8.565187429880694,7.849989089704209,12.6373490313776,11.031698911755441,16.205863764180776,13.476248872576932,8.095660736548329,7.336272859543164,16.732524891032114,12.681797005266375,8.383876001939543,7.532723418348928,29.91998517016384,9.791060412493195,9.779760424985765,8.686758369517015
30.957946849474666,-29.446498983226903,1.4889923899058937,28.094852283570933,9.571453754996611,8.669922161145692,10.283462011067263,9.016075532873081,16.474580653598224,13.633370065715624,7.921058620845653,7.184342906283033,16.88722463997965,12.649097686983524,8.420001573057979,7.5659264413243745,30.368401721402137,9.472579172701487,9.916041448380117,8.802350687097066
30.964259640170837,-29.459331204077515,1.51456965007799,28.229698039586975,9.99662221192898,8.991350708300118,9.284456471556156,8.156569773521339,16.83397451009708,13.934706581507555,7.855367030938513,7.136529506017074,16.959597986408482,12.655219694472137,8.497969495603781,7.63706479596036,30.583406701704632,9.348366670504461,10.023414968431066,8.89606100813781
30.814597853139986,-29.222154537116936,1.7611455033195769,28.424572941505833,9.971623847717638,8.966237383058655,9.236683189358322,8.114335265760094,17.65939621958364,14.879236568529691,7.585636147801675,6.923122686028628,17.29614982194505,13.097644525011688,8.554252428209722,7.704991678204356,30.59320996849698,9.339595673644325,10.065078531831844,8.93286882567454
30.217954133210753,-28.18361631743582,2.1739287894564256,28.597450477038947,9.441012269944963,8.503674224340443,9.393578402000982,8.234780156558188,18.968719317014546,16.522633666908575,6.986222493260887,6.422733094720152,18.40416895382782,14.766260312913758,8.349943495500831,7.5778458306238,30.526044953486377,9.457574908767626,10.152690891600319,9.014588131653596
28.25711510813622,-24.597984571755475,3.2592181191653244,29.354517099518105,3.008501779087908,2.0107257383404686,11.953717725257064,10.116019312469861,22.706537907819268,21.049699567797546,5.454510916726519,5.11695764409605,21.057947018606768,18.640240319151843,7.562916902463345,6.981699277708433,29.6818407089593,10.33735345378399,10.322158865555059,9.186919988813312
26.533490366269177,-21.13674582600197,2.4868541068037198,28.789574887661825,2.9650547742421907,-2.731420946666219,14.047963598161967,11.588980625440078,23.802710510233766,22.46240293495157,4.8166249689240015,4.547982995639176,22.56808029990455,20.62790594993629,7.16117385729049,6.669979124388679,28.91384801385908,11.456655734468754,10.419120077817292,9.30450657144801
26.103540571508233,-20.172115622980144,2.0125613224388137,27.883263138246555,5.55764369357334,-5.531460376630079,15.610259062244905,12.680006854270749,24.143483458665003,22.950461153536736,4.441651302102188,4.203245639864846,23.192240045957334,21.44425195547565,6.8571436921327455,6.409316817615274,28.600173330268973,12.203022254903317,10.527786864755504,9.425433195780373
25.794263283645904,-19.490799546427823,1.5165925739149737,26.85938006475283,8.48858732383141,-8.485797087454031,18.089352672099647,14.449763590532758,24.282479096536036,23.23561272509434,4.1965172557712425,3.976638058803681,23.80604354687503,22.287910282940956,6.2959461868450886,5.9051546407347395,28.37182575896341,13.105662410620127,10.502226198843843,9.431898015230992
25.664325744670776,-19.175110573214397,1.1603675052952624,26.05173840029025,10.34395682051644,-10.31921548721408,20.377760517943113,16.108093866949638,24.308569612037672,23.352056167686513,4.074254849984713,3.863168820602299,23.879013276751095,22.442385586989843,6.157281352507787,5.779049389087014,28.262978019357803,13.641644892134948,10.38522514985644,9.344121953959895
25.511329387219973,-18.816355744470584,0.40529643520412695,24.23543512628036,12.99584739143296,-12.91968161841092,25.44256214460712,19.819306035466965,24.190384699416455,23.371602738385207,3.99088324771381,3.784313842962703,24.09830462399674,22.8199728339672,5.849570120876035,5.498560940691452,28.1756016523982,14.30073668571977,10.156461285564621,9.159448705641108
25.450787993980043,-18.721288833409474,0.054025399778057794,22.951303052222055,14.065579431057415,-13.962485494212444,28.65967227614117,22.18811061002973,24.108615330443996,23.38211295198404,3.988628772157401,3.782183657086948,24.117322163975643,22.91083365570006,5.744868460548819,5.401719504688344,28.086247249592958,14.48837699339174,10.074344944183034,9.090302561333663
25.4699170315817,-18.94328447418566,0.5952115589164012,21.14238160994705,14.90579995400148,-14.716120090090897,37.66257807831682,29.05790744942518,23.904953440084967,23.31317345467481,4.176529212638257,3.9590031053191743,24.085373894813017,22.99462604922894,5.692385195335636,5.353211894844977,27.920204496440846,14.87348920359969,9.8881404461508,8.932230519936898
25.63689299721085,-19.499092052104658,0.8703406820211123,19.770194512508947,15.420064666900544,-15.095922943171644,47.07270045280648,36.21451786353373,23.553791359649807,23.069073932089196,4.5125531446218865,4.272145657306979,23.760051376526263,22.804604123649554,5.695464709111639,5.34933006817505,27.77860191448329,15.155992470056717,9.749294221576864,8.813650614877309
25.864462195679977,-20.101917443913337,0.8580256008902379,19.299135328163224,10.261879359276463,-8.270466544766563,58.89605860408197,51.79574452936067,22.86991278112515,22.444575305833936,4.79353164362512,4.523343587750083,23.422384873308687,22.546287048711676,5.6160855401398315,5.26745833932482,25.108502285493756,11.911914829516718,6.486904211544409,5.8541039346970605
26.09953740188459,-20.62943409293308,0.7497296010315861,19.244508443179516,9.352081084274346,-7.333904003840544,66.91732844500784,55.28326550467638,21.544530838451095,21.121712732712794,5.089338783410998,4.771333098469441,22.218963632063208,21.378883949675526,5.734534764716941,5.347895425422734,24.998578507925828,11.98276106880256,6.5385735386258865,5.88345445378318
26.18949719164962,-20.825474873912896,0.7615615449259848,19.410017650295252,9.101012793439907,-7.093073912312761,68.12593539706921,56.03572492201473,21.371711654208553,20.949145044005277,5.088981022255321,4.767377105556703,22.089849516631148,21.248583311152586,5.707053242908104,5.319337920111204,25.02333141980432,12.098603584539148,6.66477886182689,5.994276586217762
26.630332351397016,-21.69526975738104,0.6822416618654541,20.483821684552776,7.3818989447652825,-5.087156425432184,71.00745500189103,58.3955006726595,21.230989497985405,20.81122907082242,5.000412759432475,4.681595598017138,21.52496473065807,20.67086461616674,5.643178260651735,5.24552630005335,25.13048624569697,12.5437622952728,7.1098571998367985,6.387510011622417
26.8328952378495,-22.083478608581117,0.6482447246310189,21.143454661876852,6.487696909267669,-3.9299878654247777,71.50107750494854,59.03108234598972,21.275131468034516,20.85611086845296,4.914468321846261,4.601939368725567,21.24338936213988,20.37873793630962,5.718606922773006,5.3077759232361945,25.169377047560317,12.664369443272207,7.229574045705221,6.493886128466993
27.28603295942233,-22.840529219838885,0.7431935121364841,21.879662136522594,5.19247850175995,-1.9619491695356857,71.44853140471109,59.468713421124335,21.318511404126355,20.895055640081665,4.864588420496901,4.556189633808999,20.594776470521822,19.69464115215557,5.991723096022165,5.540333856375159,25.224538670182028,12.750689492526703,7.322587816107821,6.577159775318575
28.393295542303775,-24.81835752435113,0.00847609014994243,24.507062722286143,5.673238527210827,5.3785855439746655,43.107158636556235,38.23048751239629,21.169532731706454,20.67390695834493,5.080817408176277,4.754231951581082,19.708825721209507,18.627661016468736,6.813675036831021,6.268026218027953,25.541083765263807,12.936411128866638,7.6493548091701955,6.870369797455362
28.59100576033447,-25.309600487582827,0.08749522994422179,25.392849006135776,6.1117746931716965,5.937986841842289,41.25726153823819,36.35710606788732,21.140878785250777,20.601635705076077,5.195490984583323,4.860455918709809,19.5634815002054,18.40355106919064,6.979228413414098,6.414952199536612,25.689246311552694,12.993725196503107,7.785415898953442,6.992426266487641
29.7483048994782,-27.604171831992588,0.36877055260365704,26.069979830574482,9.76518456867501,9.727467651086513,29.973170198671994,26.508679526325487,20.93555035192304,20.03944582854622,5.884157042252613,5.4948802489308575,18.874379150836518,16.92859076190345,7.557270392523936,6.911030759634106,27.566206006204112,13.02430567120345,8.658907725557777,7.780926103941038
30.195968018358826,-28.41488519938146,1.0094816640860937,25.84666391752265,11.51596715591657,11.327334288236429,19.66815682803966,17.506401203710606,20.36614086783709,19.112415541665428,6.295729915020024,5.854998658875416,18.236655917978567,15.496840406511637,8.054390122030437,7.322984590179156,28.59900408604335,12.519396515057409,8.914647698007153,8.00096490026836
30.250024478685077,-28.53315738661314,1.0633621064595244,25.879182905800004,12.14789580021045,11.791926978959623,17.02318698832258,15.177589040212604,20.246195642424254,18.899983903429174,6.359868310830643,5.90951092656835,18.198416516039515,15.299504017870092,8.092283728522313,7.352582858542313,28.808037547995355,12.366906164537568,8.971212580807094,8.04838157239716
30.364788467722008,-28.797640992718513,1.0574369859647519,26.268047241045494,13.705420483572453,12.719336512060195,10.238524741845069,9.170804405020677,20.01108246291298,18.335253394443768,6.343570480054218,5.882004343633326,18.2962367854401,14.824215547063062,7.93878830107609,7.204546190106211,29.864719199696367,11.489131388752611,9.185697632629413,8.221946894112358
30.384109894583617,-28.8299540695223,0.9809065773578028,26.326062283777844,14.08858649866633,12.940713400691521,8.756107739530698,7.8524283824713565,20.134556520076416,18.415302465068564,6.101778037626808,5.660725158841055,18.331561750706612,14.69012680032597,7.8529420842295785,7.123957291579538,30.154215660741727,11.264397373252137,9.181867504046055,8.213994547252925
30.416747161588944,-28.86579685757296,0.5174309169511099,26.684597119407297,14.145553349977575,12.889077283051236,8.037455959291899,7.208452597410529,20.553616203375128,18.824010089857495,5.55299472142054,5.161656114750376,18.40291787535574,14.68299364309182,7.7970624819710705,7.073959509468056,30.304713827086317,11.042754510728884,9.144430936963236,8.174368740156082
30.2013558187588,-28.418299333252108,0.511037798414479,27.00281823517518,11.328753556805623,9.99912168732186,5.357547171345909,4.804599787598103,21.777540820098977,20.477081073462912,2.786653392721046,2.5911587877693187,19.004910203496507,15.49876662209499,7.421768376530346,6.756991163047071,28.563215396882498,7.882491443485293,6.332294515268724,5.659714363774206
29.85205377629069,-27.691719230064976,1.1537272295762497,26.932835598728076,6.781670591663072,5.259683416188807,4.75404453493237,4.1333066443348425,22.08610320001381,20.90608228897149,2.8325541040167064,2.6472603049803265,19.29949524369644,16.270570945806426,7.061754222117334,6.449824251926444,28.39748702277228,7.623957456761502,6.157937344468459,5.487143994008233
29.057629962270738,-26.10922628658996,1.4781098065705465,27.190452109680812,5.255342958824031,-5.070781757112115,2.4643324071642194,2.083976585302167,23.77678503139137,23.09310555049551,1.5778362585050478,1.4805574045089442,20.850613248627496,18.887559314864077,5.998963478967423,5.538544503408141,26.456572438087164,6.094751827717616,4.617951553280811,4.112450061764971
28.476178578816416,-24.873082299239996,1.4604725611199159,26.992838418319725,10.855138891285577,-10.85494158287544,4.043626614443719,3.199667781128076,23.79247657264051,23.26309229385936,1.9608706295431215,1.8501262788105985,20.85126288011483,19.28006247647565,5.828367842523201,5.388359397922678,25.70789806450358,6.121367666218674,4.548556952495132,4.016308953310796
28.187762177635534,-24.173856021693567,1.5157679073831563,26.821028209989617,14.000999240670637,-13.99692955894271,5.876128508716288,4.544088433563027,23.762429959805132,23.296569758480004,2.1527407021748344,2.033886487802773,21.095366152278643,19.806849466464783,5.666947920069801,5.2498533596064405,25.646921044241424,7.267031004063725,5.381743364048518,4.751865090540064
27.926237115662985,-23.589225514768074,1.4899379656038878,26.616719361483096,17.328809161238212,-17.318142032444356,8.35544085937767,6.3321272404531,23.71817834856037,23.299784916975,2.381275257486789,2.2517281437020893,21.356878471886944,20.331576622046498,5.534292857155878,5.137027704074092,25.783860300631687,9.000890678506408,6.579660138711397,5.833883167235505
27.767634303679586,-23.25151013403938,1.3160987880388404,26.175720097603772,16.944394673872694,-16.822811650489527,21.927161542877318,18.237666553544305,23.441809265820325,23.049615107397727,2.8198950481151623,2.6641415834633007,21.565694404365075,20.739374925318657,5.554663620334322,5.163801721526401,24.17114190280276,7.773760386742168,5.154611924783243,4.561949348599157
27.69558169113529,-23.101204693468944,1.1869523093962908,25.826761661668517,18.29491426976415,-18.115327034949274,28.42295796409141,21.930037916711893,22.756960745976983,22.370767711752322,3.513659631451195,3.3096570303526973,21.42245501681728,20.70548530188016,5.744611123034603,5.337446261246296,24.24842798897518,8.911563414841282,5.902835386303072,5.227255494570148
27.592144509418688,-23.007692673320676,0.8395564855109627,24.829677807153487,15.141965808909276,-14.277081225367724,46.796196087773026,38.95395462965296,20.9863428091775,20.570067235552486,4.841491048342396,4.520381717681577,21.185258638973067,20.574334420663533,6.083447473313001,5.645779148554208,23.401908801199596,8.40890917382282,5.058875963491023,4.479404863256701
27.656233292585938,-23.220470849405544,0.40535576481752733,23.508900933042646,14.326193622390093,-13.355192621272721,56.18998499455793,44.40884415339459,19.21851853353698,18.62939086595611,6.015327597868881,5.568567628896683,20.310229442091327,19.74656060353108,6.507480546116961,6.013166845688227,23.72005444866221,9.660620489035765,6.266788058459375,5.555839307655335
27.922246857470952,-23.704103461203843,0.16863489804968546,22.83016652585164,12.82398381752239,-11.677183932752385,62.004822309401405,48.998520419694934,18.51412831535552,17.74798712372852,6.058722632312498,5.590433275288755,19.427932893350828,18.847267709079418,6.4155833106981905,5.904965493615848,23.912041270787853,10.535032934135486,7.142466492359521,6.341470379826983
28.04168489621037,-23.89430972446202,0.008493835428699737,22.669607343776924,12.228917854085637,-10.996403656655843,63.57989702249339,50.36910489135619,18.403275790397487,17.561071515464775,5.991353260932344,5.525079603070252,18.50632027477579,17.888501477656618,6.305280161282165,5.77759370345933,23.900612884090037,10.705127707803882,7.324113024075501,6.50272452014257
28.198812379093,-24.136202522909258,0.1797185127137204,22.718297540390825,11.385028772027823,-10.029723623207815,65.45214972906305,52.08108299176202,18.27406451401589,17.35094496470083,5.8795463934667564,5.418091692681022,18.02990020869035,17.36464353888374,6.208583309845478,5.675577229096826,23.843501948491053,10.824870543779028,7.461411292453918,6.622239762946089
29.56746737896438,-26.11557140085317,1.0708386734395998,23.539766962183595,6.418539986338743,-4.187580166963258,72.07252010194635,59.10572918307661,17.983857352449434,16.505230091558275,4.57728414892551,4.20914844574834,13.79178359659636,12.257515917259909,5.7329123708276954,5.119675695715129,23.34165665271533,10.670429903711323,7.574958565346692,6.698563773577932
30.60474700335311,-27.75175724979775,1.5052800385529195,24.154952483697432,4.707002839687618,2.878147849925753,75.09137564929732,63.95342745363916,17.26188090193145,15.165743520807965,3.5243125914922695,3.227281561438273,11.229553134264734,7.886604103915886,4.936763296204324,4.325740584077484,22.606161669660196,8.333622373357215,6.696664391151994,5.856686357414456
31.23215235687283,-28.733358639483228,1.7157216494632583,24.581418302153057,6.801479832577854,6.160799657100469,75.44387260165172,65.35290010568825,17.233073747722102,14.857854879213065,3.0669129769835286,2.805376129972639,10.741917331318234,4.421991759282008,4.226576361889253,3.6459235390929363,22.818510962612862,5.264785935942314,5.759758409364398,4.9717937899879265
32.478991295544404,-30.26289124641727,1.2973873203152502,25.995682914990752,10.473231389834211,10.396758382367054,72.5970156423644,64.2487172554013,17.305947890178743,14.40302663782839,2.858365124065467,2.609496748299561,12.195693386014256,1.8774582937201814,3.742330971754645,3.1917252227579143,26.169336628758714,0.934198699119662,4.8112952965227,4.085689139062384
33.283996282768896,-31.16665121244992,0.9809383378161999,26.80741345211644,12.837978432782052,12.837071306561768,69.37994991580356,62.159827339927155,16.527497388771877,12.86728971356294,2.905064210831931,2.6319301563573183,13.60210363123386,0.3278034325860517,3.83887411435967,3.249711206550623,28.596611612129863,-0.5743147552690431,4.907080657030824,4.147527630958414
33.70436568004385,-31.619692560556658,0.8588351491350076,27.313346634811598,13.86991416895711,13.865839561001977,67.70858089820213,60.97527561780362,16.13104680938949,11.885194075429624,2.8789961507214077,2.595627534568466,14.351516231729192,-0.3601268249770442,3.9878710944063323,3.36515708509831,29.760478913436174,-1.3178725462704364,5.030177247668474,4.242379869270081
34.54527872311428,-32.54872276827224,0.1441768538304837,28.233022947754506,15.421089406098957,15.35957209412318,64.53816906374841,58.570936976890216,15.606567274121062,9.995665989906811,2.910512249308993,2.599249857112084,16.15231559731984,-1.8810575684285595,4.830803003856037,4.045668906303891,32.106679865586386,-2.6989117976488473,5.509281018856557,4.627591399811737
34.986765025940315,-33.09495147265697,0.80957614077377,28.71675075780159,16.592975772089687,15.940902109584144,36.411107130848734,33.48824523825675,15.385376924365374,8.494872368206927,3.12966606899625,2.7731003577026394,17.149119943132888,-2.61707228235322,5.200696932229572,4.342218874958179,34.01081233933448,-3.451830801874692,9.628951051020817,8.480150149417144
35.03467922327434,-33.206912281536816,1.5660906747577577,28.637355463249357,12.294836557800807,10.522588599184232,16.372080025826836,14.807257297044737,15.525772821622013,8.242673283509575,3.2347961317205205,2.8641108873876333,17.180958550898936,-2.1657512712627778,6.1209044610577905,5.135644431114166,34.201853444940156,-3.5915966771596146,9.931906064961542,8.632065633713252
