25.88420742077247,-13.561262566181739,14.579138849590333,31.525656332466145,7.999599661172738,-7.994214690422766,8.567614569180979,6.880397730144397,20.66042291199588,18.820700052905053,9.881216866977331,9.188419778414175,24.6587301495305,20.786112677811317,14.706932689344656,13.774588624697227,41.870836771350724,19.826483240400407,14.574157392975465,13.763314179402142
25.8721302162767,-13.565929693604545,14.580689172693733,31.498482892427095,7.986537842562598,-7.980878785400975,8.565991053772601,6.879548595100867,20.662172542873776,18.81722167917843,9.900971113030886,9.206694805983883,24.655436994343034,20.768710873049287,14.694752317318045,13.762262684759126,41.87296105234577,19.82557146010477,14.57682791149909,13.765782595170165
25.866820543329027,-13.57765745918931,14.596502728158057,31.51069045540683,7.964831666035025,-7.958882999509456,8.56684194572955,6.881085185071001,20.644620795327825,18.78296398386091,9.893424495719103,9.198242962816,24.597506756388356,20.66187041022792,14.597290960346347,13.665195650584556,41.87416818569838,19.82574415540364,14.570410947198953,13.759762247580953
25.858260462532314,-13.600500334071029,14.559790078388604,31.466332379018713,7.925368081851076,-7.919926345423534,8.582253258204668,6.895045767606152,20.56426566068052,18.65826293740126,9.777265111463509,9.085358992594445,24.515766710746732,20.519059915430745,14.446223518866072,13.515886006034334,41.848255080105986,19.819626474408437,14.51133436193502,13.702999939534097
25.858693896498522,-13.60108633795609,14.557069117208684,31.470285764188937,7.916018651471745,-7.910953787237119,8.590809486841545,6.9022274901347975,20.507985889692776,18.574613053273154,9.747981230320399,9.054670815032438,24.48920485015705,20.482155420516392,14.406209670083078,13.47630524044747,41.83153867823361,19.81252469832134,14.47610874654374,13.668979414789657
25.858768597944675,-13.600837632255647,14.559628252268926,31.469099997257548,7.889996648884022,-7.885643261556538,8.599934981102729,6.910497081607896,20.467978975781648,18.508503196374036,9.670579408045299,8.980318133137573,24.470684162166037,20.456631748030034,14.376767180834944,13.447207354389686,41.80134681551843,19.7860621755691,14.441154257059592,13.633923382755473
25.859885110461676,-13.601674734537909,14.55696327661386,31.463983321690492,7.857196537075794,-7.853410178784472,8.614775745487423,6.92368143297801,20.458107771105972,18.49302995763449,9.638121050862708,8.949576666943464,24.46860643341097,20.45324343286657,14.333960436066969,13.406919734958338,41.75680433288363,19.773312444683583,14.41829221736845,13.610607737230316
25.85907646396663,-13.620121509896848,14.55469140466217,31.44985689616675,7.83052411811596,-7.82703482346632,8.587677986701966,6.9029173947792435,20.403230516464617,18.469442231395107,9.543671367635335,8.860575341226802,24.70874113217991,20.74244245964732,14.024932067316668,13.13457685215647,41.6985238155809,19.786864208577697,14.371359379639191,13.565677070012862
25.85388182168691,-13.61125219833869,14.52775976776339,31.444942381256237,7.799061657509213,-7.79498425124774,8.56120401956924,6.882825856691516,20.22072914317272,18.58366820051681,9.138894742244494,8.48526801441359,25.294960213413418,21.597478312842227,13.733803989499743,12.910629494417446,41.70606303092575,19.847711553144862,14.287936487105675,13.490118401237416
25.852490311215746,-13.597737502898582,14.513165858281733,31.439545174875132,7.791085239028604,-7.786750637689394,8.555442986505492,6.878502159550071,20.202070384766017,18.617165297680472,9.133254439864919,8.480648782103195,25.396291271907472,21.756284384107246,13.704856241443451,12.892167816798821,41.72609346729695,19.874761622163376,14.262098975264678,13.46746945050685
25.846581756292636,-13.513824244643146,14.395074661812847,31.417586017783343,7.7496102437970364,-7.744098637398679,8.560020816389997,6.88385341524176,20.262270080801102,19.029211748506796,9.189084368450743,8.54455852163627,25.985523086499455,22.622192403877065,13.527985660089826,12.773121063712114,41.84220903448201,19.772995808194224,14.378145426780241,13.574174020317328
25.838669235777076,-13.487347198369676,14.209595864010158,31.31357585408347,7.728109697010382,-7.722096386428873,8.579994263381668,6.900938307022962,20.472093913801302,19.53525943309174,9.092891711736755,8.470772665771182,26.277555889515583,22.99947808860375,13.423527516824768,12.69592354627206,41.66295242725789,18.54502132660619,14.971900233717859,14.060138383305942
25.860250369750332,-13.626619525304278,13.887561015216969,31.12666861750397,7.6910237116136955,-7.680388953698042,8.591795931155337,6.911870651221935,20.67236333697838,19.927489999436986,8.788939953815618,8.19902141887775,26.374845721508194,23.168260733398853,12.213746926638349,11.558625974252111,41.04565209257822,17.110847092742233,15.038480591583381,14.029644576804033
25.773076441732485,-14.53058781094947,13.250887242680514,30.95808809993572,7.682385407946697,-7.6573686316351655,8.610692275858268,6.928057145532057,20.79987339777631,20.21763212679599,8.21317986454712,7.668644744585211,26.66067504454722,23.689332250324227,10.769938683620806,10.210521260985722,39.409396589723144,14.577514367533908,15.78345710564829,14.527380809857188
25.65785968036417,-15.789175885906644,12.2293411734563,30.383099301653154,7.655988761823295,-7.582516294564499,8.584303159006996,6.909149430971193,21.179687764361972,20.761469243980684,7.517428648091117,7.033869633045239,25.96568146075333,23.357445438049666,8.560923674218875,8.105519715288008,36.003370938744155,9.752568282458725,18.492390618314193,16.56563279419649
25.648727768661843,-16.032838798819753,11.655314825583124,29.982344638066333,7.695735697094364,-7.542285449243138,8.57481915377539,6.90240505169644,21.40590300568894,21.131326047947923,6.570387716198134,6.157080476171427,25.08126899547426,22.615284795122122,7.6883770312097495,7.254682357572187,33.281774498471435,6.122041790016681,20.598177424727837,18.068975328089138
25.60111413255197,-16.184627619090463,11.13263713322832,29.906004835723483,7.935589882529456,-7.661712523089676,8.6494352649907,6.957310885694824,21.479013492101558,21.31511806045758,6.346322452556425,5.949577224421585,24.817819357611086,22.46986274634382,7.43086337425711,7.004548718422207,29.786091301464182,0.04229929588451853,25.703910879224523,21.763133599576804
25.58868641998373,-15.991775242394397,10.783841445086411,29.89372173012434,8.24414631631339,-7.894406932403896,8.641775189484191,6.941517941075528,21.333488259016235,21.225063311940914,6.229542137592713,5.836484402114183,24.783577355811758,22.435853438508957,7.695721869849073,7.2511516329771935,28.998251641241524,-1.1946574125786213,27.201189972342103,22.86695570392702
25.669708856176925,-15.65430201788682,10.712191515068499,30.263849048611448,8.627821261948526,-8.20934562675231,8.612831409636604,6.906033018112117,21.124935939953417,21.033079183035994,6.05668565436933,5.669050430303408,24.441500370005485,22.05527062968592,8.096686622483283,7.611300830538612,28.394385472204846,-1.8652144734470255,28.086766458502392,23.507287790106805
25.74154003202355,-15.372373504321942,10.694705995192757,30.236093469013543,9.006442785452123,-8.548235398950155,8.530362300808624,6.826841899124613,20.72397485152095,20.640056675725788,5.8754643839004785,5.48886843496249,23.86771368308996,21.503128633285954,8.531703333951645,7.994706796502474,27.52259631379883,-3.0640077243481016,28.99296985501128,24.07570196260945
25.72540816805858,-15.122046231121544,10.271834527016944,30.053220375213893,9.247698415121079,-8.778586890168725,8.487159238477913,6.783947974436271,20.470004180723294,20.38760503788407,5.7704284563897295,5.38414923227487,23.255808200746714,20.88067676436161,8.88395553227453,8.297255365070235,26.81452795272824,-3.9559081911767464,29.32446626010518,24.207977420093513
25.73249454087437,-14.755221992092572,9.640036593474697,29.88560936723844,9.369676285300386,-8.90718396642967,8.480658946536193,6.773653146185542,20.063567125007523,19.97486817017213,5.964503929601352,5.552875136667286,22.57947146346757,20.13098736816373,9.216709078557722,8.576599504910542,26.239972700162667,-4.403205923605427,29.140347654655425,23.976546093844647
25.74782614391441,-14.594945518841868,9.265481184238643,29.896656912955507,9.48516958301164,-9.029830394801024,8.490130537872048,6.776684726053779,19.999927621446034,19.905166053653247,6.032120585351688,5.6143640699299375,22.10405770187296,19.609193215952303,9.631305880087604,8.938834898413687,25.87340869928346,-4.631537358368277,29.005707653638535,23.822056411031006
25.774113978644692,-14.409523408869148,8.897451965004914,30.015675209685682,9.634414178795367,-9.185048563843367,8.516623275970293,6.791799423151517,19.82583963445566,19.727035337589214,6.346031080269287,5.900124882015667,21.470475918472914,18.871497102965805,10.06505412554989,9.307704252288032,25.471833071096825,-4.730334110974695,28.763488558570074,23.594791945867613
25.883839709316902,-13.87705689808709,8.086300695040922,30.323327156414734,10.322329316433098,-9.876848317707001,8.86612473397151,7.04073483370027,19.700154756863725,19.603941428267788,6.830069935924157,6.346137426279508,20.24743355354599,17.444373041585294,11.442367778271356,10.507370967459257,24.49796357410432,-5.403340772564178,28.12351503768011,22.94730667147775
25.919163564687977,-13.681680709097293,7.75877569141321,30.34203754748997,10.5928386890036,-10.138038048119597,9.039060144896375,7.1667461639595,19.617603079669237,19.52274915582312,7.12140506762841,6.61387159502419,19.616995334557487,16.769114840162388,11.996596562113174,10.979509991334186,23.83025556339919,-6.573339353680424,27.834300308588187,22.533999511936585
25.95485258603557,-13.538991439722693,7.515728420684743,30.403371039876014,10.854022980360895,-10.397760569210035,9.250164316425094,7.32286650086062,19.368120892983967,19.27091796455956,7.766490003424201,7.203162252388316,18.633389467389122,15.721223340416358,12.943802058304763,11.783592084969044,23.096815304027842,-8.199857965819774,27.35406590175379,21.90785485459755
25.97749817982043,-13.434925267227683,7.370574777500454,30.398917622077093,11.00770291384211,-10.5464523495868,9.383111981763621,7.421251173308796,19.22497016061277,19.128390381757796,8.11609724191741,7.5218990710081295,18.02398380632542,15.071749842996581,13.45550010023181,12.209611674724528,22.687076395044073,-9.149955345152748,27.23237244244815,21.665664004990333
26.016237676247812,-13.317358299657187,7.116095292172236,30.453433150948918,11.158212628615871,-10.693968921975852,9.515777278936458,7.519787545574824,19.049351250817466,18.95762097983537,8.43014018380885,7.806089232278743,17.416720690868203,14.41177115207168,14.018077749268585,12.678360247773474,22.35448804182053,-9.88904074435888,27.12347383938551,21.465131467124774
26.080486167604278,-12.88306917806564,5.878476862652787,30.23455428719917,11.333458369442042,-10.869995409766531,9.663751975513092,7.6285860259368095,18.649489094635527,18.572231623818567,9.139108407434144,8.444462997243333,16.609197841661285,13.51115296816728,14.794246267106278,13.320292482065636,22.094024574780775,-10.406640907169802,27.114163570030094,21.373681902745588
26.113496930163137,-12.695750758629458,5.566200873087573,30.30997010548557,11.439386737701852,-10.977169202644077,9.747529153436211,7.689636213336841,18.391342115659313,18.323255439628056,9.585100882271206,8.844958081474983,16.211863942289,13.080483165488658,15.262174245458455,13.711715571390043,21.950994662489848,-10.709256883411953,27.023097532637554,21.255717560741505
26.147449009246998,-12.560723577360548,5.3422986084158275,30.393895477237383,11.607171403659436,-11.15403470671518,9.812936929360651,7.733414788496429,17.789548369108587,17.72513773916566,10.568221611861748,9.721832074196897,15.756926124920454,12.58780789979079,16.038344892281525,14.373204247491937,21.75625205371543,-10.68495518126386,26.890449306616905,21.141581539239432
26.168788057091945,-12.483615170226443,5.277666538976572,30.472820590997006,11.785186185824216,-11.34063177922718,9.871360455502936,7.770970902061061,17.442129585633865,17.383322478805198,11.29131002282931,10.36881033089936,15.472750888734737,12.227493675017882,16.616718215198958,14.8654513155695,21.25115975822564,-9.828493399886142,26.48922977599267,20.914265777894034
26.217645037897654,-12.327505463861527,5.348236184564911,30.6473495449724,11.994154865752591,-11.557397138021315,9.8927501118534,7.7777508603780054,17.25356556155498,17.19759182574404,11.928608212387568,10.944556216554219,15.217212321633923,11.925465897207403,17.25355825711753,15.411774388587649,19.57835292553051,-4.365604564184665,24.60178678324685,19.979196422507375
26.225015122332195,-12.312396103906252,5.386577991569487,30.71694067811593,12.145293845198808,-11.717963794515242,9.88401890324373,7.764076199354816,17.012026213854654,16.964652344535807,12.692951870324531,11.631147357353775,14.891441452148399,11.604920847330604,18.058608602686586,16.102413154701978,18.851158828456306,1.2622298555266127,22.894500845065554,19.132867382511762
26.22586457553271,-12.315391391525651,5.401951126336327,30.741344801130467,12.217914271543634,-11.798286702900171,9.873153992413059,7.752081317079569,16.79208534847419,16.74791839178374,13.239854121052847,12.117769707230087,14.627953600003849,11.320363981738723,18.57656662790914,16.537629752858333,17.994547517610215,2.9191719845930493,22.476172302988186,18.912829904149365
26.22270705613073,-12.317663859687428,5.411038165751664,30.75688969302317,12.322295317881526,-11.914277635192349,9.855817179110339,7.733666929533888,16.320754549038895,16.275114634935505,14.404242418317098,13.150901068597278,13.901112681297803,10.5304126855616,19.80716231037998,17.556364796166722,17.186112749663067,4.464278751460853,22.15716267612121,18.758942562613015
26.170727840266835,-12.274807437951921,5.165067759869224,30.71554172223972,12.617806169484453,-12.239930445543536,9.856500714864518,7.719996042360679,15.167426380004912,15.099408183167213,16.601386543812904,15.067561189716159,13.02147056970108,9.546274272301204,21.53619252152402,18.988894747792067,16.3202912235798,5.902358157056099,22.291001021538094,18.968928507419147
26.160646358089792,-12.240319031908086,5.063106968593398,30.72138742226772,13.02967899782709,-12.691555269256312,9.885636653425454,7.723073016129553,14.189761269948491,14.036099399445789,18.661508603244854,16.859018903240724,12.643448826467221,9.153157030010135,22.759619023287925,20.027500913341207,14.203758878049541,6.875387824281489,23.057559972553996,19.619991841029474
26.140467937151442,-12.217714322332156,4.874156000533413,30.66955049107789,13.380544172913574,-13.068594367618346,9.904607499220083,7.721339040127159,13.94364198125021,13.727351663707495,19.776910948680317,17.847765269432593,12.481097348747568,9.038724176651343,23.398867286719298,20.578022379659682,13.071817361269098,7.52717902128272,23.73229972189092,20.196576668984683
26.12080780095357,-12.088508655195184,4.315507713641699,30.5813795915578,13.732851859828344,-13.434729498860264,9.896834117699807,7.698883845084788,13.680603934682807,13.373120504602568,20.525076967412243,18.498025717202594,12.400688865036358,9.043016443378917,24.01160592812407,21.117090247805127,12.477913962893183,8.083184585087892,24.32081248806162,20.71029746145228
26.130979306749595,-12.04322953382389,4.223570052796543,30.598335923175593,13.89658935807904,-13.605779122827883,9.901916932459843,7.695435880072429,13.424865364554734,13.027971682367038,21.240890166266016,19.115577516366844,12.431441085518799,9.13769765072449,24.45025862731402,21.513571781993523,12.256838438246092,8.435120507319866,24.687151935436447,21.03561390084286
26.162224751327273,-11.952267828038416,4.176329938046731,30.61953285481875,14.049384275509027,-13.76600598801896,9.92677224480159,7.707922985764313,13.25528868234258,12.720303011744463,22.24355229800035,19.995802552357315,12.552626479739473,9.350106088545559,25.0997992470588,22.110305836066466,12.144259812814767,8.98560193624813,25.29426971920828,21.584051518572913
26.14908031717195,-11.90170950477173,4.0220985378954435,30.59757831153494,14.127668298288057,-13.849302059023628,9.95564759650398,7.726512063620693,13.284240904580912,12.704241341371656,22.639274466640128,20.353453804588852,12.670580229237771,9.537442137484703,25.48321629920069,22.47034029410722,12.151873916236639,9.288184108692619,25.692272261770945,21.943712844130367
26.171960234803493,-11.873783446842609,3.885847163881997,30.617826185844912,14.248829478698468,-13.976356803167448,9.938001678511625,7.707335407121847,13.686981233338514,13.016070820355552,23.15954153759475,20.861775922810512,12.924753866805702,9.890979240113055,26.011896293767382,22.9795170135508,12.287722407517947,9.931240017561436,26.46441162572592,22.651635221561968
26.184014962516358,-11.862830262196212,3.8526732772810552,30.592987424849504,14.272265778527895,-14.001795075350373,9.930996636060069,7.700702637900649,13.786236585249554,13.096820043583932,23.28245614736252,20.98255804539292,13.083049661896496,10.08359483103608,26.19371088563245,23.16389704740512,12.361032544102358,10.25318437965359,26.759481267965008,22.92693379325368
26.271152351337832,-11.854977356730203,3.7464977728960647,30.427494009577487,14.478298254907628,-14.214548357837458,9.904706147438892,7.670887125177287,14.148113654664371,13.474095398113633,23.511866326521698,21.23100313265421,13.467803377670549,10.46852487504222,26.561578485756332,23.539698033867847,12.813003741297877,10.890921920388323,27.10967297403145,23.29501226663358
26.65404735043751,-11.82780511282175,3.6781328225891863,30.444090654103295,14.748000313375854,-14.493842678598455,9.867476521959627,7.629701700548911,14.643865539078888,14.026925891146618,23.750688571292855,21.505182435805047,14.109390251192963,11.083647898877174,26.913393635074513,23.931583803783923,13.433258737810121,11.582706883755932,27.413519535916464,23.640082678480976
26.71913709779099,-11.83022311136645,3.607565164237149,30.394611206613273,14.848979545120727,-14.595751565978944,9.849885170205855,7.611459189401946,14.887889313579564,14.300627793505143,23.747569872279563,21.53032335688446,14.346049275981784,11.32741648588187,26.977933149657343,24.019483365144072,13.494207574993112,11.652061408630871,27.44409712666522,23.674421802099115
26.88104230283065,-11.815657929849039,3.5430415578361485,30.359060267615693,15.387332710494888,-15.135550288578429,9.849591594896928,7.5865719892931205,16.141191419038392,15.681054648159858,22.600513913636366,20.619823192675334,15.162815373079809,12.175292961114053,26.429134457714326,23.63003235392926,13.612138870340544,11.773769674382322,27.462779510682694,23.7052029716597
26.91901718739726,-11.794212382526837,3.4545334401998558,30.29950252578155,15.716561922501029,-15.46685762546997,9.8457123017224,7.569033963521102,16.997176177863622,16.611310967310956,20.46208175239602,18.748594879292448,15.73913652488244,12.87082350355692,24.77258581535472,22.219569801514332,13.948452329099553,12.108075660011792,26.959589044747347,23.31012998837136
26.997978546266637,-11.755387891524876,3.3210217800985915,30.203616690838373,15.801458731530374,-15.549375425891796,9.79630830827141,7.527476560784039,17.174523156557598,16.819303308877068,19.09128612584472,17.511119497235214,16.30598148929934,13.642165816620633,22.72544033784935,20.452771120288965,14.850209916699328,13.034062662877758,25.475129042750098,22.12146309997826
27.092175669368686,-11.730582531948656,3.1218321026041957,30.091412028503605,15.842172841152774,-15.58827400520019,9.753150430110496,7.492705959850842,17.199377137244284,16.89133025884017,17.365963683909587,15.934228770128428,16.726585551618456,14.229564979863142,20.678459697102564,18.66240448027593,16.092568299578488,14.58858784146247,23.385876815276756,20.443765174391608
27.188856301482843,-11.753269837088439,2.8760454682197887,30.055664061869543,15.863090741645124,-15.607680457379502,9.681738630309566,7.4371838288462255,17.278050425778673,17.01835395799945,16.386876691289512,15.043045615621558,16.722573526954562,14.363924975863455,19.581766298275276,17.68298036410727,16.447827563333703,14.906555746642482,22.789703416481636,19.961525590435603
27.63976019783837,-11.680652824691052,2.655624966385621,29.868942238224946,15.800635892924817,-15.538730239691517,9.243016752636697,7.103334160931014,17.10889857823406,17.059515269015137,13.03761712983757,11.961611907950536,17.385344827601187,16.16643564486786,14.872161623996227,13.515097928485623,18.635742626343102,14.783021920484174,19.99212486105617,17.641461951245564
28.477622005272764,-10.692951393726844,2.1945436348550595,29.81459889215547,14.8867951151162,-14.703465241184503,8.434391702975686,6.512596042047905,15.984753140060235,15.981192334026943,8.5800169338321,7.83356619742078,16.50968057973253,15.643952371159273,11.406504342855053,10.342268650514274,23.423692380878805,16.387126449361034,13.178367542010312,11.828705507656927
28.680886480971992,-10.394237932633615,1.9002682632021761,29.719520436475815,14.527699234765862,-14.396073780768603,8.402630057735953,6.501148413198738,15.685087232777818,15.678342332995584,7.945224188488715,7.245891816230835,16.28774286439608,15.429338161137395,11.06188392111235,10.021287920398168,24.251158384450406,17.13354385463994,10.558104141285138,9.51529219103257
28.83227557893386,-10.116592880011765,1.5433381291986985,29.7882273369191,14.39485590880281,-14.29412434129739,8.42896580675305,6.525964335089314,15.505089159710082,15.497056539224701,7.6929403693006435,7.011357426511567,16.164470918046078,15.317687334250806,10.913394034595788,9.881324008426756,25.146746466635904,17.72349317913671,9.212935904647868,8.333961617114161
29.262180861495978,-9.346116164391375,1.2901758627358972,29.917538028233064,14.33184678497841,-14.277056705086082,8.518363822061014,6.596130155339879,14.882442827148452,14.86867654229249,7.051735065672943,6.410047160690376,15.753429011916694,14.960027220379388,10.4632780671241,9.457354010435605,27.734845924554662,18.87678257355556,7.114359247348926,6.496887162843175
29.472839523041785,-8.940609928956306,1.2706767989158385,29.717906914757354,14.400591482800394,-14.38161105270025,8.629119052691857,6.678316857966707,14.05335678373217,14.0208491855889,6.252739524942506,5.662641449167101,15.18263398791484,14.440952864447738,9.817178499899365,8.853340910428578,29.02859358623786,18.901150016800926,5.920908121666522,5.427515755769315
29.524112098207723,-8.832634278879269,1.2748523898657051,29.61092814524592,14.384302551651672,-14.380157918845299,8.713354349490395,6.744112960797215,13.781986970768202,13.740852624520642,5.920423306706254,5.355161576712995,14.846475689963057,14.120427887715664,9.420628347073395,8.484876737652638,29.2924814810477,18.818728925929264,5.391879444485429,4.9460748159428025
29.559220380405748,-8.629953772254268,1.1112632088792551,29.518090443498046,14.426347055985445,-14.424843267816613,8.81578041506558,6.8217665542717345,13.247621163771043,13.189927082928577,5.288800461565685,4.774665379216645,14.043485410958937,13.315718996516694,8.562699091365742,7.688338728711499,29.48923858176701,18.743295408922037,4.6850278566925825,4.300167775577878
29.56804519068416,-8.420098097115599,0.950005325259139,29.506925629174116,14.598667127830936,-14.582629020451137,8.97809159096981,6.940909566202554,11.981535576200116,11.906295211476632,4.2396440181858095,3.8112661270836847,12.635301807144515,11.75028396590875,7.240022171314038,6.461430284581479,29.649373242352937,18.781939581730185,4.094708329928486,3.7609937079033675
29.452754820868137,-8.312208587606605,1.0359499193789625,29.78904572537169,15.006016397189427,-14.960374046341926,9.38741083260311,7.2403349265866765,9.452067902042444,9.378481423741633,2.911334933972979,2.589614315354063,10.517228199237195,9.308114899398689,5.684360700745698,5.018265498314279,29.890198605901105,18.956607688669322,3.5392116500265898,3.254811228105294
29.34794205706237,-8.366082127190623,1.2588544284000478,29.96689458710036,15.473392685156114,-15.402670512054385,9.674421071289684,7.443043999214348,7.960749237492848,7.930833946808207,2.3271533218704468,2.0546113388468505,9.057208293378096,7.51263247097873,4.791828587294412,4.192931632344441,30.353701375357588,19.442924680334244,3.2415564363607157,2.98925966904922
29.251256118068028,-8.432006538758301,1.4311415586125553,30.084467841191515,15.642703688079024,-15.563750224914145,9.778330205154825,7.515729162942248,7.591471215421478,7.572652790681502,2.2053013339470806,1.9426143023418967,8.821295955544912,7.219007250935931,4.616565234211154,4.033241085351975,30.525666667434848,19.62618691553753,3.193954019446922,2.9482929494643026
28.854663661961524,-8.755260831578767,2.2865422371681254,30.381396390816416,16.179290951223095,-16.077965170563033,10.053001406186677,7.702922013200751,6.6118733568413575,6.609032296088628,1.8839589735972637,1.6495613531583089,8.297432605481646,6.483980278330776,4.2320481866662165,3.68019615626646,30.97122250718195,20.020784433090498,3.1022584602525884,2.8715205794935725
28.631330394019727,-8.966772317790173,2.867973616765379,30.341667247125883,16.56833872903863,-16.458368670769886,10.112242670632426,7.731328509622431,5.9350787712378406,5.935076611175958,1.7282122261392434,1.5063504294260035,8.110141198563582,6.189475577441257,4.114889233727568,3.5705422823525312,30.96139003482878,19.537288585089755,3.116244065169832,2.880895409634175
28.50986661337612,-9.131062060462227,3.219746087918189,30.27283391301186,16.787475123624432,-16.674298294354543,10.146319646943011,7.7476824927291945,5.682077532392299,5.682031445995449,1.6945117104725773,1.4739266600898402,8.075433510734456,6.085271856500256,4.1273201066221015,3.577676824073155,29.563021028531182,16.490649022717292,3.039685302869393,2.7746161062239745
28.377295882054284,-9.545899210596119,3.5306157777275122,30.067183898126455,16.951350340937125,-16.83800003740373,10.123381925877474,7.723001440633445,5.602017262393446,5.601959222057872,1.6839202799905557,1.4635442485574,8.100978608703713,6.072064836148186,4.1653136242936215,3.6095109751808683,28.112398622893664,11.986435634152087,3.045191101784947,2.723491862343731
28.36233588373051,-10.794315912542274,4.32319440474934,29.948944052103386,17.101441693038737,-16.993622847549133,10.075849063319891,7.680190651826622,5.956182439259123,5.954796775949077,1.7103921274482476,1.4873340505469272,8.330680284031246,6.174643721212419,4.223526923524885,3.6607115021703738,26.49117804088317,5.473385382331301,4.83043095143351,4.169779605454416
28.57104704350712,-12.19883272783342,4.695146653873752,29.559207113659856,17.112030187696604,-17.01785854145382,10.001243146888235,7.622570383849148,6.785677258231175,6.777727843285263,1.7365619934382859,1.5148945559973472,8.56904065937536,6.260902044732106,3.9811590559793926,3.451608574199468,25.214310765952888,2.01323087740694,6.48551505883021,5.495505525390013
28.7872708600039,-13.34957090621343,4.857785249624259,29.515254716660554,16.818928313049128,-16.758808278998004,9.711756487253258,7.4119171407130136,7.800505217159213,7.789080482348538,1.898235891050718,1.6649406277941097,9.373776169210089,6.969003394557575,3.7526312624860467,3.264987909621056,23.315047815980392,-1.1418482729166755,8.092437559696272,6.725194903329104
28.8822622789383,-13.990843610847918,4.581375989472094,29.409977049821283,16.459788394735114,-16.4271750295201,9.544845828676815,7.298951093019698,9.566149482852694,9.522192992757724,2.40577029413656,2.129833063183279,10.007589415602837,7.685280206665951,4.3086818411697685,3.766569942473688,22.222170664556756,-3.927674622171267,10.130351051661354,8.282581742316188
28.894422240723628,-14.108270232622615,3.731082632663552,29.15279056455368,16.051631034144663,-16.031887725127476,9.622762796169672,7.376554412472365,10.18982546678913,10.15646768807757,2.855957344763416,2.536719242222914,10.24710500019637,7.920378782568932,4.959931936959951,4.342442841132888,20.964636696106652,-9.29302286527006,15.182706349960933,11.904585869741386
28.817471008598005,-14.088131442399373,2.8535285452246177,28.934816164921727,15.48093941415513,-15.467346042837207,9.583408048762148,7.371008012878836,10.664105426060729,10.63337263076265,3.1391206333490818,2.794636345795734,10.550713733559832,8.148593320406334,6.063472374405664,5.315029919786075,23.028322052481087,-17.734744394843233,20.51195566187238,15.224184057605793
28.77012648947951,-13.84514495956887,2.4354067976951472,28.985603626415894,14.863156695457434,-14.85428713325264,9.457583217219632,7.299712623446928,11.094191261066669,11.063678670179215,3.489227517329313,3.113189217458105,10.64371916550013,8.058328205471497,7.605948191019039,6.657534497961306,27.449354867644473,-25.052271638945186,25.1955042819547,17.860590845290414
28.71237839191403,-12.1821049715209,1.3773370780730445,28.894454452830583,13.580091693558785,-13.575115182675233,9.428097737523371,7.33214904818534,11.45887793893155,11.431930134525828,3.9904562513365667,3.567680195073693,10.213129588221165,7.103866099484833,10.21302360354887,8.88496054021365,37.140481210908206,-36.855952147764626,35.1320312532004,22.88561176570589
28.77697719957024,-11.595285018443732,1.7012264057863071,28.818963414292764,13.333382776854876,-13.328466568298765,9.474881369466921,7.379427326227489,11.560022964958733,11.536336866282795,4.26650983993907,3.8164331155860456,10.041653442000836,6.716340033275699,10.925921186083054,9.486026727197139,39.074619081381485,-38.94515167872254,37.020257120785594,23.733621673696632
28.780107056194225,-11.235303969098112,1.8911873600448625,28.77896393306129,13.099217758218117,-13.094349819858834,9.539105014780361,7.4403027171429965,11.668300968695803,11.65000212015147,4.717061252196571,4.221096252522797,9.879216518080966,6.31139940473615,11.534352095951721,9.993565304564905,41.68274280435094,-41.65990881758631,39.503852674357944,24.799279310397356
28.794949141905363,-10.282966442541252,1.96505776041104,27.788130403415558,12.62644173427907,-12.62098421498375,9.832579778679685,7.692466910148769,11.316082500960249,11.315407325945614,8.016891211269678,7.143085608325647,9.357162309208888,5.081270588342576,13.50252859733496,11.62566680165866,49.16262955618919,-49.015952014102,45.89979250694278,27.0994001031889
28.799970096293976,-9.843167744785518,2.007841078911071,27.201071603596517,12.55249325567874,-12.546823712841274,9.935684830019254,7.7768798332187,11.099196268500975,11.078781560513221,9.961863927190487,8.86506686081951,9.036440263748545,4.142549497176574,15.051933243684608,12.898083995987083,53.73569559847532,-53.2110731556491,49.10699586882484,27.864277802156796
28.72974207012365,-9.771625791795046,1.849912325885127,26.925363836851773,12.413171079213441,-12.406352128199075,10.300881931154228,8.069956608774888,9.991808141804881,9.83635603693864,13.051736846216267,11.539807788582179,8.716410174529074,3.3044006939629185,16.866889991905886,14.392467024154213,59.4056860255419,-58.07754709599595,52.18399373576559,28.153076204917497
28.668693002853956,-9.503082775530274,0.8635106809685987,26.68093680625764,12.237794513224003,-12.22816977670648,11.078162420059368,8.687869592085653,9.201295852307283,8.881477006886172,15.283481456094256,13.454904815589972,8.610857276090456,2.4570165561260637,18.944575223041717,16.09728941081181,62.94002421668422,-60.892879178135985,53.86701161758868,28.157269127935013
28.846750982366956,-8.72765542187227,0.2908672512139668,26.34716655213827,12.118363923106358,-12.106704942032621,11.826083689911908,9.281119354201076,8.823383495832218,8.394188881146476,16.354748547218634,14.367109929802302,8.52629158735266,1.847971027317044,20.137753486099268,17.058044229728146,63.898738109298606,-61.61588992261815,54.28748052645017,28.132218022539913
28.93444357727367,-8.266281164344008,0.5439011557813193,26.23665749003894,12.031578438581533,-12.015713924901448,13.172803250709828,10.340592918059357,8.515967906388028,8.016899791380013,16.88652562936105,14.809253155854977,8.311991835217157,0.3785864869773974,21.5964502376037,18.15139976601465,66.45304561015843,-63.457813933105115,55.28743139357633,27.96845601684797
28.989771971314582,-8.05132113531522,1.269948438278566,26.064758467061367,11.998297725217753,-11.98126250402133,13.942592017985758,10.945686147200668,8.324306702066167,7.791401394519298,17.15967973997176,15.033213282857183,8.318717332954066,-0.38449133297868343,22.24826449387451,18.625165118345958,67.9983513944845,-64.50620140808746,56.02914279796386,27.92511376939646
29.018960389134264,-7.9221125265642485,1.746599486338615,25.954474302230587,11.990039501532294,-11.972881155035125,14.287245631044051,11.216350371157294,8.205643198858013,7.655695257736056,17.30498098353325,15.1505373532635,8.340525667015498,-0.7164797549156106,22.52080536260945,18.820713049782473,68.74050632124711,-64.99699588376114,56.35957593546103,27.893109202980394
29.143066760333966,-7.536434969515469,3.157495730956458,25.49655062133955,12.176817280423961,-12.159114444377323,15.399370294684854,12.072204827025514,8.283985674255717,7.713699527406931,17.21543821811508,15.078582367849874,8.54115413633113,-1.9922218928250288,23.57362763844286,19.567327393860836,70.50999614703727,-66.10600766799914,57.014435731286476,27.737143178974407
29.332412273963882,-7.167438257947325,4.298532844927956,25.23595898905486,12.651972286353214,-12.635435174935566,16.514857409123124,12.906794883588937,8.488371677115651,7.854892762376409,16.92970956679381,14.84270454652811,8.903657867797705,-2.997256619512129,24.29878874100012,20.065765015168246,71.550980906106,-66.72702762070989,57.49425334157481,27.684317205479637
29.48300723074928,-6.978203650919255,4.563572868184399,25.369905270927855,13.071646620486177,-13.05500297989596,16.942899690609558,13.207257644181661,8.412132908696009,7.7424159012600455,16.899275966908355,14.808807654930508,9.016398986133794,-3.153370012177831,24.374678743422987,20.113951417086653,71.68714852134273,-66.80298706982623,57.58716858189369,27.69329496837181
30.008548302194697,-6.179621235688913,4.845374696847374,26.199922960257624,14.648778695730698,-14.634656361886087,17.844875960773198,13.777994643406185,8.721158484942805,8.04603861817769,16.352913740867777,14.353010002314452,9.330579150354396,-3.4475761791132697,24.548536219556578,20.231655691310408,71.43597876022933,-66.65594790653503,57.579210634318414,27.76064512130088
30.121742890963418,-5.980206367010368,4.928994601368738,26.22059113256363,15.349923328406675,-15.336987527523561,18.131428755928496,13.939872974899808,8.851342810571708,8.194722761224043,15.972330670922599,14.029289460792318,9.521462982636763,-3.652163220826779,24.700861360080104,20.337668527882705,70.41579925970046,-66.05123248351717,57.245643452995544,27.88106048434432
30.90865448286604,-5.526360077286228,5.155360955366663,25.941184848688863,17.749654023738373,-17.738797880897366,18.599262435857206,14.104019517013947,4.626053293531982,2.435051324374953,20.48995510092772,17.447300515347813,9.942220496477375,-3.930614291004119,24.754923807928698,20.360309031728242,58.787470020342596,-57.44451477011782,53.98865830522862,29.267788518659604
31.515919681562906,-5.038238357845074,5.168235484462875,25.47413428031287,18.83922322801382,-18.82796139960888,18.700706007407998,14.092733071255102,5.027551218232787,2.1534316679415326,21.068993947954965,17.933205323132178,9.982894729905638,-3.9974320692806913,24.785963951980897,20.378954608284186,49.83701318018589,-49.526174508163166,52.41663241957969,30.680478861029833
32.60163963643092,-3.9169518533868484,5.4243470885883935,23.856166011877995,20.324852733115222,-20.311633425518195,18.406199172752057,13.750963897565965,5.262199672950516,0.569806272213313,22.232344933163482,18.780238456484224,10.217052037818348,-4.4273929027156385,25.011896777481088,20.518185068972933,39.118615130015286,-39.085002114922645,49.23257312495523,31.472870943687184
32.881853353952465,-3.7666074572212978,5.732806809001366,23.639725436958305,21.423288493228796,-21.405158657306657,18.0274664999753,13.37961406511654,5.4559037414127545,0.42482922461437056,22.675833989067065,19.147611392772035,10.593227062209678,-4.517612637599058,25.36959332505702,20.81126584046503,31.606539357779695,-30.786107618977994,45.97965869824943,31.365662811977607
33.14504086572882,-3.5901539247523147,6.067045727876378,23.561243638031495,22.244131303985853,-22.21767810265669,17.732284426815756,13.097094184156004,5.475464996537482,0.4222942411391841,22.687970266371913,19.158644558400333,10.849922276410382,-4.411494053184782,25.627991530622623,21.043854823221384,27.09611580400022,-24.48736889265936,42.499058480412806,30.361051835810613
33.40575257568307,-3.5127394732106296,6.558668231866659,23.791792210990888,23.08576983192887,-23.045915492732817,17.35014110044111,12.75021762823649,5.553655082848138,0.5826144792110455,22.595392594903988,19.099820382067723,11.048672836008905,-4.183998943265465,25.725925686501885,21.157397308476416,23.344756175759755,-13.078094321185276,35.25609847111176,27.207911960654094
33.70267278493904,-3.6501010815644577,7.088313239106331,24.773405240646102,23.795159062721382,-23.74234584138894,16.946983813278823,12.401838068473321,5.86546532877702,1.3774962757894826,21.352121645036842,18.128288274641456,11.220971125605217,-4.114231041687276,25.977894681430705,21.375874046013834,25.833103509009334,-6.582639603246463,28.069706662791052,22.69670826424686
33.88968465936378,-4.012367474735683,7.353660608043312,26.13362387249395,24.394565858249194,-24.33446038843185,16.521119060454254,12.04743234118862,5.9053430458598655,1.805128828679841,19.903563673599788,16.9406990564323,11.225261753909905,-4.152543643418667,25.80409434828476,21.228435424295053,29.148673612515324,-3.5333924201883775,24.31794916851027,20.161853451881665
33.922650012264256,-4.2641819423345595,7.359600217882705,27.087207357142393,24.934009438713787,-24.87313091490094,16.00868396917575,11.637243278295417,5.778140794797537,1.6797651633626742,18.6760018226159,15.888759418261435,11.000255926653523,-3.7410916533922745,24.193618253112938,19.94264340670205,31.96792384647756,-1.2218462939691221,20.794958523889427,17.552072795495008
33.89030558071377,-4.344977534473145,7.390422168052814,27.282050350876023,25.046913029822406,-24.985643133910145,15.871462556967382,11.529740988677124,5.74381135494707,1.60765758484753,18.453194510933578,15.694118520407635,10.908697404098518,-3.482613544057628,23.293780596915926,19.225975399574022,32.72702543025798,-0.5222172159074887,19.82686286560587,16.818452440695065
33.782625461519615,-4.47198086684493,7.078681537252599,27.66914930274855,25.258419876529643,-25.196002066959707,15.64280671016671,11.349814164330992,5.674549367721397,1.479281855626141,17.879062168898002,15.197315460530332,10.846180136266383,-3.4871316146413847,22.117797903604256,18.255374820511253,33.53203027604059,0.42842558442428924,18.461702103761883,15.75666647736643
33.295891393578756,-4.800888675845627,5.9676198179893305,28.715699221516466,25.553672248988676,-25.48907057779246,15.242409812887342,11.040385807220215,5.515620861254604,0.9332390838452227,16.53486907618447,14.022881004171708,10.810619500125568,-3.99733782226663,19.36830535826634,15.947010236979821,34.53775593025193,2.2212114567021217,15.062586969866409,12.992827110132305
33.03486280125003,-4.889129490508225,5.1996832589304285,29.03936146047574,25.676183150672387,-25.610665338900276,15.0617032214547,10.901846022905568,5.453760906584051,0.49702993878757695,15.817903442982505,13.392782990551918,10.885161703925547,-4.368345609896593,18.207756081772104,14.96551870183106,34.84060324917573,3.173405127350918,13.146698910457635,11.39766255509637
32.545271389861995,-5.078875650318238,4.556803576091903,29.263033216615863,25.931881344974272,-25.863354115816975,14.708941702338722,10.63067458208833,5.685603277649335,-1.0407386102946958,13.490923073687831,11.359782588316467,11.136658325068282,-5.204534934724663,16.223165723146046,13.285841045820865,35.28539462079755,5.600352160588869,10.019372532225104,8.791900082554502
32.07930832716849,-5.3173726444909875,4.288834011853456,29.36770588799264,26.07544904764947,-26.00412053995828,14.49589612070522,10.467356317732865,6.368080201227315,-2.5008870709976634,11.364670441988519,9.518722362936204,11.479496382811817,-5.913167226124543,14.494716210896927,11.834329868835992,35.803209988428875,8.213749519203759,7.979266147074375,7.090800612955277
31.911298688242397,-5.431764588873818,4.165827862185848,29.455360497776365,26.134544490957126,-26.06240076162581,14.393793259634556,10.389811705835639,6.863639348297539,-3.2877131134498256,10.14548276746452,8.47311002297962,11.72917058404073,-6.4112749995126705,12.713758169690998,10.357265633221532,36.13347281220848,9.740481750709563,7.1623997856493915,6.413882485802223
31.73934162621606,-5.5686353663432016,4.023911117676107,29.673348336042746,26.180642236900923,-26.108361755156764,14.307906658630811,10.324863033085828,7.463558306637594,-4.098032801346605,8.773775633282929,7.307527223422246,11.970259235896918,-6.830959014224916,11.096340423950299,9.021599273989782,36.32527471297087,10.955880665486333,6.641864844992585,5.9837714693802795
31.546965266743427,-5.768293212146034,3.8649182741506825,29.90747178829018,26.253151609569386,-26.18096568046552,14.156866962016865,10.211236272256707,8.058453192479902,-4.899677551947676,7.1810810725152665,5.965084826806666,12.38550800263863,-7.337266919162531,9.01478151099032,7.311347182887758,36.33960709631975,11.93901076413087,6.37203862323931,5.770698848567049
31.190316432131596,-6.1958378937559075,4.7030265534753335,29.690608304889025,26.425754981149055,-26.360139889512098,13.743181442312412,9.901853928470244,8.722579864300542,-5.696836900058329,5.445684359812715,4.511925463399292,12.672876536820041,-7.6887356576063155,7.541766633461958,6.104248842608415,36.087513465300816,12.283730968056176,6.287661726120814,5.703230415235722
31.109055528092625,-6.664467176014938,4.636179831909394,29.82645682334326,26.655675028592043,-26.601234281403435,13.320067267789966,9.583018357349559,8.960296068995916,-6.019130257533249,4.634894165223666,3.83490667416819,12.618712110457153,-7.45658734801782,6.455501074122188,5.225757290612715,34.8646452692316,10.526947236719863,6.298458650199009,5.6627270968602845
31.04574558445583,-7.890088611262769,4.667168142244752,30.064892725258595,26.98989064373046,-26.951050502847252,12.843104002605676,9.219968907998712,8.90372203333078,-6.123689000872119,3.7688245194465813,3.1123959757128614,12.135916815621584,-6.659483798599979,5.7236841155843035,4.647156823049006,32.358100107474115,0.7280807265645279,4.6805263786820674,4.026009774877661
31.056167536061707,-9.858994232024358,3.6808679251617242,30.47500702853249,27.43875711509449,-27.421673748500766,12.153543669383005,8.698945288045314,8.152046635551926,-5.391086443606966,2.6901087188736357,2.2189970335526716,11.76407621371095,-5.859764007901759,5.590083813473324,4.55927131173844,31.36747627313457,-5.9199577918827515,5.167238737508066,4.256388383403799
31.155656593279872,-10.956277368447076,2.8377060780123293,30.936176503399675,27.615608915194343,-27.60726639718409,11.696215429347856,8.36218772449053,7.698889277443698,-4.844095486751655,2.5239444369341784,2.0838571238505708,11.777002900689723,-5.857171002478012,5.591860890631382,4.561053229797714,30.7932572182373,-8.06865866238519,6.096257215938467,4.947846571545677
31.19379903558732,-12.069174598104553,2.1908745816687416,30.83235951848826,27.74220945730147,-27.739839248223518,11.211183920485682,8.007955512023667,7.092965304324849,-4.248059970647375,2.4578535741657785,2.032848427848922,11.77184134107199,-5.812756292443922,5.476099602762329,4.467468188539021,30.616131737021504,-9.822128420935968,6.832547746109787,5.486719811873739
31.21114793664438,-13.566243354414055,1.8003392604296695,30.49193085615018,27.78329365240336,-27.783277537593975,10.589796653706694,7.559889025721599,5.990522281284456,-3.2252827796725967,2.1671720904102014,1.7981288038377763,11.476266586485167,-5.3731236618042715,4.808086420991008,3.929800571309414,30.51173059046519,-11.357644798078326,7.293305995320372,5.805696406881855
31.185603371192826,-14.333577111593243,1.3459496342485904,30.404195537707597,27.673992643243167,-27.667857344558755,9.855014858099848,7.037767335484948,3.759824535484256,-1.0107806445701897,2.0515485390513777,1.7202206673799163,11.467909201928677,-4.785551135746232,4.493437629282631,3.6851426463687655,30.410174761224027,-13.4680555599205,7.7888978248519045,6.119522980306114
31.170465887329556,-14.451596242065193,1.1791781102973642,30.358024587816043,27.57932104660827,-27.56287687767764,9.476076116869102,6.770291346542464,2.771832941182282,0.3217718456913019,2.462045179175798,2.080865396080843,11.625401788996811,-4.512046282710372,4.681413282756495,3.8480086518986014,29.97856015509211,-13.541092187849074,7.683253195849248,6.0299059387556015
30.779322070716375,-15.698210526071378,1.2749385699128597,29.80383173068579,27.213160998331603,-27.17954017253507,9.121880583988903,6.53161340383048,2.6062624999285617,0.9213030044015085,2.688907172982477,2.2796314930698913,11.106324299019178,-2.992458022443543,5.4004920303090245,4.487997786308899,29.708626054625284,-16.80882847073562,10.36797999685722,7.967964028762877
30.32815450998885,-16.40771447138583,1.7562903894970228,29.343322511236025,26.07573262993546,-25.991588616623304,8.418906887255176,6.069662572006337,3.3879756296266805,2.690441142292997,3.51486113181369,3.0109550837499612,10.671864135870862,-1.6546695220238234,6.564402418903966,5.491959213654318,30.25199605179688,-19.464609474289645,13.295519382421654,10.023479097483676
30.258347285552787,-16.35331529807594,1.8516267190503164,29.25444986850322,25.915555308231177,-25.8284604514255,8.449886045124414,6.099458342664849,3.4611142732118196,2.7736824191221103,3.5975756838452884,3.082992902099766,10.839704745483203,-1.6691969966457094,6.921548075480308,5.788713836140039,29.806954963089765,-17.621194495622547,13.08728922381645,9.983523666968983
30.03341929231277,-16.330733610266336,2.502336778560326,29.327285841736867,25.52103892570537,-25.42612446912888,8.515168732542586,6.16299921674898,3.6966134059649107,3.0201703524325865,3.7804518965154905,3.2435543430804894,10.965058899881086,-1.4838367636983918,7.237633169702083,6.059822068212071,30.135941496166907,-19.27359347510928,15.88173336771382,12.085456228969962
30.019191904312976,-16.31736410231497,2.5190926064895325,29.379166364447283,25.16427009244677,-25.063120516528585,8.54204298061391,6.196310890204026,3.769308101666155,3.0758514245188877,3.8479562085103716,3.3023246356637914,10.993922077764438,-1.4420673283567709,7.32686179478323,6.135995533904365,30.463862705357116,-20.73717556569241,17.407512462795413,13.061780785199579
29.522234963027245,-15.342767833240245,2.866394890640822,29.449140132934442,22.406896647254854,-22.250285256677316,8.599013318368321,6.346892404439857,4.949642414994827,3.8566568029575734,5.150542008018383,4.438643172609756,11.310009548243016,-1.083732461638789,8.853977570671974,7.427446394148121,37.26532023447018,-34.32188206536286,27.285540246155822,18.50990307722156
29.29104850925134,-14.407067423890751,3.0754473838995806,29.032614904731464,21.618911958733634,-21.44732073474141,8.655442707414812,6.420638753853433,5.332845082308523,4.094976938485786,5.721610245344707,4.9366179718822725,11.528265917900058,-1.1606382392997858,9.916228804499665,8.311060910178652,39.55609377284051,-37.507537081392286,29.758941632883822,19.73145274662994
29.39858545174704,-11.537827598131031,2.6684759485642764,27.41044914050043,20.056655603069174,-19.867188093173453,8.93794961537194,6.695358804310543,6.4367798159217955,4.280977740541502,8.495633895415692,7.331204910728607,11.968278284905239,-1.6181677767452385,12.424155131499392,10.381016874267447,48.85732959876074,-48.62241751478467,37.4548040671127,22.70714838368027
29.36202529395058,-11.246495006016644,2.6454318855321275,26.72184050933565,19.605918778201783,-19.41943682740883,9.091103131292746,6.8289371772814915,7.0741924756972026,4.02849939080086,10.117567181669392,8.71940952187741,12.10368349481493,-2.047140041375229,13.59449641045769,11.329344927083644,52.39369969588118,-52.37330303057223,40.09061305590402,23.504062221341243
29.431508072474458,-10.271916536219933,2.074232009575603,26.384930453023884,19.052195339412947,-18.867550280811344,9.493148649323578,7.156649663543554,7.90127763603661,3.4592269062430745,11.879757900756251,10.211686314442959,12.41327708667336,-2.708778622308998,15.185093742637282,12.609274855218107,57.66098738227869,-57.524570284936914,42.8094253366503,23.871782359419687
29.23156526820992,-10.3844741833406,2.5846854546317775,25.95820576988329,18.59114458075649,-18.41176873383445,9.849230282901745,7.44725128771175,8.447807703399263,3.1466356969905434,12.872787173777011,11.05132242749346,12.622465647607385,-3.2158983905858634,16.100739709479722,13.333196718376561,59.98081758588823,-59.60940724540035,43.902635110168404,23.943282876377516
28.810939623407677,-10.357168908012937,4.5719133474574845,23.807140140641103,17.934107917751646,-17.764653003282405,10.513024996873625,7.984498562827743,9.102578383946621,2.7066474732538097,13.919398521893017,11.928734551955937,12.949597929046377,-3.616876983504767,17.135513839279273,14.163559239046457,62.86677608207606,-62.038608588597924,45.11892157723666,23.912713392493142
28.767523621857464,-10.120591608219002,5.034544699559431,23.458555113211204,17.646963768037836,-17.481296787022757,10.890074404217271,8.28684897048116,9.448925253399153,2.503334485634255,14.486405281691166,12.404831517233129,13.202058256191577,-3.8330877984935654,17.646320404079855,14.5724318309173,64.20555999054632,-63.09747455605307,45.67741588358759,23.889301644948304
28.746844715311823,-9.893330088211641,5.357668093741101,23.33624531983192,17.334924608226828,-17.172526259274377,11.324990016169398,8.636607140674766,9.813692535510228,2.3897112888685967,15.074532074352645,12.904679913983532,13.417640039698796,-3.9890151535642673,18.100994073019315,14.938847152223975,65.3048780902083,-63.92838551880013,46.10120202500942,23.84660959791731
28.68674415926651,-9.801200922181366,5.839656263359481,23.24362360897327,17.10625837786594,-16.94503493919204,11.657757988297371,8.904056200202724,10.043673961286856,2.2156617800290803,15.623880635749966,13.364607472159605,13.5454077307065,-4.037238766988793,18.402231657764148,15.185967018607215,66.04690903635289,-64.46544887111705,46.436241216139884,23.835884898091276
28.6874676233046,-9.751863411910733,5.90168522143686,23.244492715170065,17.04323981175756,-16.882854292254564,11.768222517939567,8.992214998339701,10.16116638128301,2.2105050401229676,15.730853021162265,13.457150081387825,13.58222337617417,-4.03061421166241,18.491623935759065,15.261210008105822,66.22715405556416,-64.59401235342352,46.535451883667186,23.84267807837078
28.749872437258006,-9.171663241999369,6.190381427418048,23.422723936261807,16.643214718854153,-16.482753599792474,12.520352099276396,9.592825925708237,10.671686559807483,2.1431906696259375,16.515942971670555,14.129577750426224,13.815194596757266,-3.952656564144405,18.943186499850235,15.646314297824894,66.83803789275667,-65.0312564235596,46.801140609614876,23.832826440410802
28.918001038548425,-8.624829870061461,6.044201948214239,23.84014216547246,16.332710793956807,-16.169448419947713,13.241859989551658,10.164748231295764,11.078416981150383,2.176579912734539,17.012218951883607,14.561387482957752,13.930765982605863,-3.8658841305512652,19.23686060488517,15.899801975977939,67.07353698221934,-65.1972205851765,46.912748510462755,23.833730424868214
29.25173052320534,-7.789936995666636,5.4388047362686125,24.51599318772711,16.04148067780352,-15.876133357495789,13.967932556907991,10.73949287647467,11.516675298345945,2.103564005548364,17.525944208412135,14.999509682497623,14.042876066843348,-3.7449185711361253,19.507321260639387,16.137340737409403,67.12894170256942,-65.23484080809052,46.939251905083914,23.834448654692288
29.50752284026342,-6.795186131713777,5.211618363769177,24.683809020135165,15.685747761053335,-15.516491698033931,15.219748604421683,11.720414396507051,11.980130817976516,2.256397898052043,17.930792292786563,15.363396092842189,14.169155221161986,-3.5391695886370087,19.88665185611046,16.473885838511638,65.25562746800513,-63.872441261634094,45.89755681465514,23.745728930248305
29.737530403403497,-5.960729928119264,5.664973155562442,24.249941184168033,15.80177294791585,-15.638768333192687,17.17142897118556,13.194615505086363,12.397288664260628,2.2948217079455873,18.337626767200625,15.719284862811953,14.377651407909497,-3.12447200322093,20.426356547720655,16.966377111429278,55.54562633925006,-55.50398219408228,41.21650081166553,23.413882249248367
29.804622706947356,-5.838463385852208,5.839512063707937,24.08438353660768,16.06089871327299,-15.896948874068627,17.626115023417242,13.517640812650715,12.46476719855852,2.3485563468644983,18.353955563028954,15.738403135368484,14.385669206109952,-2.944870745463561,20.52559903471266,17.066217911919686,53.595811160780656,-53.595729630029666,39.90853177476539,23.092525016809603
30.00965140908457,-5.698168023764296,6.15331884562446,23.882234404359085,17.189704776795878,-17.02572134581611,18.867808334744677,14.362025579254045,13.123432302134603,3.4417934994317534,18.15871626705708,15.664411228735252,14.48852880648107,-2.5116621582874217,20.762039619956035,17.306018431036136,48.927240596579594,-48.71362691547685,37.24304930054082,22.56216926933829
31.055027039796187,-4.818940208994789,6.64949455690696,23.458503186453182,18.50570363022814,-18.34538833696513,19.39223907762191,14.640884956053942,13.324054057681792,4.161524177965646,17.430777997021114,15.092111781625073,14.606188255516003,-2.2219901505867057,20.834487404664518,17.395805738329287,41.79824824826915,-40.0902455610254,34.99096165954021,22.788058882366794
32.23713443188592,-4.118250085135799,6.716847354361423,23.37005249746724,18.579899666171542,-18.425722745065144,19.050213596500164,14.376705181780384,13.10513917670471,3.936482071621853,17.048098695875574,14.744637434759607,15.222080698613183,-0.9272502515102445,19.930389393233806,16.761258768870107,35.70514537919942,-29.893820932299064,30.33404493911189,21.334534540128843
33.13359621674894,-3.7254064250893038,6.7382117461242315,23.5523785391563,18.09759669972607,-17.975577751558347,17.56406934541513,13.289878283754275,12.977490874395414,3.6973113852207575,16.299678889595796,14.082774903412856,15.663948316058878,0.07406040829833671,18.255012531406404,15.434755218665906,32.62749116969292,-19.850424528289054,25.517741956008916,19.22277744997593
33.43914783472678,-3.8975960714808764,6.848998384627067,23.929528307500053,16.991439802726717,-16.9022463773225,15.839494134090838,12.056947978220807,12.941106758742478,3.5028375372206995,14.944192524444512,12.901212228887873,15.772473481802535,0.6366307954036756,16.985165228992987,14.406366783514992,32.22713248221271,-12.329080048824778,21.513167880281724,16.97384202594687
33.66078228167416,-4.274047155098756,7.217543227858663,24.59712256428934,15.526784881184682,-15.470834316400286,14.09699029412238,10.817303123566347,13.054597394987553,3.50980898986883,13.187647217008092,11.38541282360166,15.907610809285785,1.5731079195915925,14.77828549803911,12.590443761208782,32.82385517544475,-6.873005368735804,17.667861303890138,14.403281580219621
33.947596628314415,-4.984403863039688,8.009309267772116,25.807641986401077,11.868818501257891,-11.856456343579097,11.218747890454429,8.782567257366736,13.074896297179947,3.6746150109446347,10.073000745947901,8.702088663533692,16.142658100441338,2.9461926621574435,11.256467017028728,9.652224231074609,34.26727674936271,-2.2852009298867557,13.268202358961851,11.139888513785099
34.18501913725382,-5.667251900894044,8.787781281645463,26.479973076339203,5.889591822081627,-5.81493512982415,8.322695926774424,6.7359470145018525,13.311256209619614,4.042377832709789,6.897527482415169,5.966978321467947,16.88371710262254,4.396513287948395,7.392105917473456,6.383050779958559,35.591117966867046,0.3640444714122708,9.28808979972074,7.92547859929109
34.27648106785449,-5.985960993524287,9.150415535040894,26.772030169986227,3.2689341031978643,-2.636904349106061,6.695193924248573,5.512601137855663,13.69322588271362,4.664690436741608,4.673518772899305,4.051799456654652,17.349710132898508,5.566247624114453,5.401570875987674,4.687250873690016,36.06572826917915,1.1232385642850602,7.013306758000368,6.010850333982004
34.35053004750725,-6.29739097988309,9.578179294584256,26.901552381463766,3.5653383044836175,0.7883635028204026,4.3686555880782825,3.660626427652082,14.41118672674412,6.070991811638933,2.7882476086453214,2.4299560958439304,17.98739565061703,7.266823003021003,3.1742284804164016,2.7729338251092015,36.701742924153706,2.699633733798862,4.5898535109101095,3.9646184897581542
34.39635605584286,-6.6190864069104265,9.346255213194091,27.455609765978643,5.1298371206690945,2.7482313324420744,3.358495052411248,2.8428690726189254,15.006338704069009,7.215084725219057,2.2516042548259527,1.9739786941732989,18.584556174197985,8.741309187025664,2.409529021311285,2.1201451597876093,37.10514136162331,3.5116969775365163,3.9087655676634165,3.3933626545160647
34.36353010065196,-6.7734913770703855,9.048597551441633,27.816985745176343,6.604868832470288,4.255594669934126,2.980859485931688,2.547557868728972,15.531805031059179,8.516964252006986,1.9463023625607654,1.7184983478554605,19.031804696664466,9.307144284356141,2.077727498407597,1.8350761001142895,37.561727733736404,4.382564411690211,3.4002224902020943,2.967961216174701
34.390855443963005,-6.858278329424664,8.662831485297884,28.10097405558772,8.139221297242585,5.8613702010612485,2.777206483035335,2.3967877110428346,16.071362001820688,9.58524066076346,1.7659733659859855,1.5689190887131939,19.555559410689085,10.096106344875892,1.8783998423422625,1.6671459777466953,37.901444604155785,5.252478294148929,2.9885085794506216,2.621471516891943
34.412336521214996,-7.149362471558774,8.11988490833439,28.368945443681678,11.564470566450723,9.655862761566524,2.4181930377058904,2.1311018023363593,16.709794414343463,10.811884225107534,1.638856335142777,1.4667070969420035,19.869417849758463,10.40474421414362,1.7449123960523196,1.5534883248595086,38.35800730494731,6.268821114802179,2.8242934702940197,2.494973828079159
34.264414271727844,-8.312992310250422,6.490300872172938,28.978752415584548,14.899848641216636,13.56783976598102,2.294770218196419,2.0656744733364114,18.51195356119763,13.522136082280511,1.4907979984297808,1.3536346122268532,21.023718966241574,12.26951582375166,1.559207550323363,1.4043923588587226,38.98757593304097,7.233878208180769,2.7028740645649365,2.4043512109416314
33.96096849516337,-9.604274046630763,5.4858513972959315,29.365815822683608,17.20015528332908,16.148125266129043,2.262361757669832,2.0637893816859108,19.615325724341915,14.886117630489608,1.4304120745282198,1.3079714386614874,21.791191724255725,13.514183817148478,1.5688924851402233,1.4235429503775374,39.16385126949919,7.978278839115376,2.6727975449076564,2.3880117841684463
32.735302069743966,-11.389568700214298,5.702516548953679,28.450788539422753,20.812476152845306,19.85257692307225,2.396924711455143,2.2280052725134927,22.295066271612114,18.183249093789158,1.4395406050500603,1.3390858455122576,23.150527025866978,15.79595860463752,1.6197167344648833,1.4880469332889688,39.38555928208169,10.095399801830112,2.751450776414693,2.4863858782251835
32.66145522468878,-11.472141409224463,5.5702655479777805,28.45651825209615,21.23648654520042,20.27387868607552,2.4133383880370487,2.247987901849354,22.68043411964186,18.641682494210457,1.4321163183388845,1.3353753729416473,23.509050997337653,16.317136049983205,1.6207591456004178,1.4927594464753202,39.491399743662754,10.520630718422282,2.7967644600477746,2.5329848070043104
31.834428449367095,-12.455724338028432,5.454028948448573,28.357820355448634,22.132606935916584,21.172793798998825,2.4660962739859946,2.307144066614602,23.74641350500565,20.00133670009164,1.4113820929459873,1.324754059756781,24.248339202155023,17.427266231109186,1.7580142441508584,1.628656101586554,39.85844201354337,11.804773186878649,2.9211513082111473,2.6632984857623545
31.502595133975746,-12.705731387130001,5.538815060791325,28.375896145770614,22.82547740390433,21.895408506249566,2.4595621175464593,2.3086530091918176,24.458545455639893,20.955512670380628,1.4135771380236792,1.3328407786838061,24.547356224333186,18.013250626939595,1.702072254615723,1.5805552706843553,40.114759445551755,12.888212227905328,3.1524726966321657,2.8905409686757633
31.32482692648898,-12.749315707472675,5.582733138635712,28.25023781898722,23.538231970491125,22.616375667095042,2.3834312856145483,2.244329014593733,25.008454850159836,21.607347312384164,1.3557510096366754,1.2818012622840336,24.75903365067569,18.4331242863571,1.767582390155092,1.6446500798077839,40.24823003231424,13.565777473231819,3.3101133799830667,3.0444454990622707
31.170712447208473,-12.555155388951889,5.7089044476599184,27.936881713382625,23.839366818411264,22.921340405999544,2.289861256635294,2.1590750036430837,25.20407385879915,21.77304614200085,1.3074711244483732,1.2370705387156946,24.866697804581378,18.631909752491055,1.866908880081792,1.7388224021362997,40.28403428308525,13.841707117699372,3.37634019423344,3.1089195472151694
31.135677276546517,-12.44038110588204,5.704435688780729,27.852745284379893,23.870580419911533,22.958304746921456,2.257478079765175,2.128948355321897,25.30657312196493,21.875668803460442,1.2966165537932914,1.2273759034021494,24.90326763754365,18.69171178863037,1.8975341852922734,1.7678571415541657,40.2891166249361,13.894674946291929,3.41246205533604,3.143009429304192
30.953526106357884,-12.159370949726537,6.058595792020995,27.852628899249233,23.86691860408095,22.995970287774483,2.2032404615955232,2.0784769442031195,25.828625320960924,22.379018317797915,1.1243569618723823,1.0661596633411228,25.05998737344052,18.993940455953222,2.0014768262494202,1.8676192653533754,40.24644394455268,14.059205596068907,3.5552718785427735,3.276535614643756
30.82379371732432,-12.123657396150335,6.301214352053645,28.00147101524819,23.69330760557338,22.899830533337976,2.1738731661812714,2.0502084011856514,26.29015760768536,22.865102248927414,0.9070916585021155,0.8612118236559567,25.420689554517537,19.5424395899839,2.1424108683342613,2.004304911750017,40.236224555582766,14.191018596653706,3.7477628962450367,3.455898656226945
30.53922688706035,-12.056435725203215,6.7196931478193624,28.398576072797244,23.538578293824088,22.795010984855196,2.1798970002242073,2.055072937328501,26.383851744274608,23.01321964054894,0.8897140119278376,0.8454351582760569,26.217398893055616,21.04812739032583,2.1623934205214743,2.0350543503668703,39.875231483850825,13.84579123353717,4.807908422441733,4.4184357202695015
30.25822643673635,-12.46140403949832,7.471739721224777,28.42744179791014,23.413986450604824,22.695697884525828,2.3295179298819138,2.194429361374516,24.13513191311526,20.986532548125112,2.135945915616654,1.992381026353634,24.50089794518871,19.531554121351547,3.0900273442329027,2.8741623743749125,39.59704713559745,13.600060256135464,5.196153973060483,4.766365108425597
29.900473539345683,-14.532812579182234,6.649442448516173,28.374496075863792,23.448137083260775,22.760194202795745,2.4648326229071373,2.3230375016433307,24.47230100922053,21.52141330884075,2.1364516492221806,2.0020493271200808,24.80570787991067,19.983669184231147,3.4809954203010403,3.25087356409584,36.62061869713216,8.864344322892691,7.335124452415172,6.549592518599535
28.679840089922664,-15.045497032068425,7.6960544930731665,28.121517111118017,21.5237817823581,20.776960594218252,3.4929204655511294,3.25531563773526,25.239980902641662,22.64192531501729,1.9468476864162856,1.8390294051601859,25.731426973478364,21.128158529098584,4.309882153605628,4.054795520367471,32.29378279891142,-6.884383282613314,35.331807509041155,28.829305052577336
28.206602744701883,-13.95014921276308,8.620937612013456,28.647498366673226,21.728751812734117,20.964654045284334,3.3732052063328832,3.1471815991521246,25.42092117943858,22.81468678934162,1.9854699223142223,1.8787701866895798,25.76413568774575,21.11268460956505,5.350741461472553,5.032025411773149,32.130520821824916,-13.786622774111592,40.893607983709664,32.05014861659634
27.79690732770311,-12.648297289146015,9.685421501347472,28.93230950591478,22.213044621821666,21.430163642341128,3.1978366104933964,2.991025943382937,25.94622773575071,23.136684396595356,1.6756140706502323,1.588182958629703,25.420664655005623,20.53869502168716,6.808926559626091,6.381016852095128,32.91682839109157,-21.067253024762593,45.83446197453712,34.28100875204649
27.48760482363764,-11.098884368312753,10.227734320161648,28.94887752538665,22.730076772930374,21.932159767305933,2.9748586464939986,2.7893743317869393,26.258002261197646,23.25906139158252,1.6136527307547415,1.5317995418308792,24.7676254106575,19.48590415636133,8.096195092943317,7.5465832333401135,35.24519266023859,-28.164360806868245,49.546708509064274,35.365752516384795
28.50849150068609,-7.923694703333837,9.700772993641197,28.20114304584354,23.465645032916,22.672703664850516,2.812818658833825,2.6475592994506325,26.607610218783122,23.359292021156136,1.5628613442999737,1.4857794091738104,23.589450117527377,17.691365465346223,9.704696056343582,8.969412493851012,39.61169135842718,-36.42286247751211,53.180639079495684,35.7648727433591
29.211215889195728,-6.629935118676201,10.02528469702931,26.788758714487432,24.10984225441527,23.294948763129142,2.707064849170862,2.5561663401434993,26.843429533549966,23.386695430732814,1.7006681119661247,1.6187488907225445,22.712506277859063,16.200090277697058,10.82441924627743,9.936102287073677,43.33743204794362,-41.82961243143379,55.21199085692349,35.59100700894077
29.5064303600671,-6.527140198720431,10.133182312509115,25.980289779608825,24.332882270329208,23.50330160489517,2.7448347497811194,2.595120854648584,26.96020780622112,23.393163477484947,1.7767838124030635,1.6920571873957142,22.204385830382506,15.237113212118857,11.56403037870882,10.56841874577088,45.470861577406396,-44.53398769984432,55.93299456724348,35.26745080901011
30.34921373000816,-5.965864482920395,10.172143178775281,24.81965871023198,24.45740032802999,23.610710372701604,2.7744063555945853,2.624903001909212,27.052893067224772,23.39809194244316,1.8492606971148235,1.7616303012174144,21.699539464316672,14.234121193269445,12.45688451444654,11.332537006690927,47.51084599565266,-46.97489845058786,56.36199839021275,34.81287366800194
30.52730430456714,-5.599173469663967,10.440135545237057,24.110941913311187,24.574283593048904,23.707735188915052,2.8224559477204614,2.6719479074698764,27.153523620011185,23.375544056185177,1.9678009719680452,1.8748065900364708,21.266963645347204,13.384638928064092,13.42186063095688,12.160659201827157,49.60896514771051,-49.3676525061164,56.6512940662447,34.25850716904013
30.470239617142113,-5.33835218214476,11.05509956254459,24.108775509560648,24.6942770077506,23.800139958772903,2.869233643817943,2.7178687158259605,27.212121992875893,23.2147520837229,2.188526511206317,2.083925755295466,20.866436434763216,12.64642612822091,14.142861012005868,12.768440948013353,51.19413093252257,-51.09624082757773,56.572352530010555,33.675170098754876
30.553261119336753,-4.935530301590404,11.987398351194436,23.907829233265332,24.849785112865987,23.894810354949968,2.9719814110824343,2.8169868309227377,27.230517825551686,23.163176250805876,2.297472481750187,2.187425122879486,20.260692267702325,11.341041533571044,15.350154911702406,13.773402460167732,53.50080470949797,-53.497559326496315,56.10068292466854,32.63525702557856
30.869791950482806,-4.3446235687409,12.191982796232288,23.38048077203999,24.877263469395842,23.902860608102216,3.1456906586339137,2.981922062901327,27.19478512053928,23.171110985287015,2.545394341039567,2.423723692721801,19.890435352178685,10.559347425708054,16.232133248697792,14.508685507701818,55.00366712675107,-54.99312568760851,55.53960656702559,31.83789698597317
31.27369734208895,-3.8426676997751628,12.87025092450405,22.812154898670947,24.858194672913243,23.88269282512546,3.2561433729284492,3.086409198878448,27.110875024038876,23.137971903537377,2.744555200635323,2.6126815396629235,19.674885504635114,10.257799178011851,16.70394069292614,14.908383213128667,55.85866142731692,-55.821879432449975,55.12987527396503,31.340893758281766
32.15138767561234,-3.0552919398424763,14.375863676104178,21.61576632981774,24.71978946872204,23.75804997787708,3.7092162554131334,3.5136242190187725,26.912291271144596,22.97429534072907,3.1725289381455366,3.0171959019358305,19.05428992297192,9.298619325616372,17.67610362857811,15.697306109820163,57.830240854087805,-57.6783039657314,54.40676979520558,30.340657667339205
32.44497721464191,-2.7975886426088152,15.336248903513459,20.539997035579344,24.653650739976314,23.68171421122456,3.948074636650129,3.738259764130677,26.761158765423602,22.867024320540665,3.3260042378817034,3.161427285197392,18.89237139430685,8.95352169975746,18.002166770580942,15.960021566678568,58.20377498514216,-58.022090487395076,54.10886277597624,30.066804380769437
32.95067745143271,-2.6210850056378376,17.36033663971288,18.12456438523547,24.492053193895174,23.51161230844994,4.178649568665839,3.953152773062992,26.570720834539344,22.811174862803227,3.2954303325283503,3.1316673526980603,18.8360151225894,8.7849365540646,18.181680125720657,16.106749403227283,58.464470545128975,-58.26035985417849,53.80469785173869,29.822591042679093
33.844712202391264,-2.898121310463054,18.323246410913736,17.063649005320862,23.995859323551713,22.9876627555809,4.409718925880438,4.161036666960873,26.263749141842226,22.724045310076548,3.2142592547648468,3.0532524532397356,18.824439748015436,8.747522706504256,18.221947717914798,16.140203676083768,58.71377906396377,-58.48469036852282,53.31317031800882,29.477552392669832
34.60761806574689,-2.7500873882904244,19.63968989602115,14.32508059384707,23.448832874670302,22.414810702715172,4.544982492097609,4.276917996622284,25.964404177892163,22.500003845545507,3.320074940230929,3.150000623538382,18.823096167523204,8.749548202349501,18.188335338857236,16.110877216552087,58.88236916835662,-58.62872654581449,52.61617838811597,29.03760950865279
34.973352364579426,-2.6493396764426933,20.557095134503367,13.605209578077469,23.03502051780174,22.009713021245062,4.582278154248863,4.303352599655159,25.685782271160633,22.280038722634785,3.4545868131786435,3.273274638852854,18.82994316443171,8.76225340055899,18.127600594639688,16.058417050781383,58.94945500197889,-58.683641337268256,52.2883987171961,28.832427907756244
35.71337143210795,-2.4008236565635457,21.664047405863773,13.306227583812948,21.641749998421773,20.668268535401694,4.79312864459621,4.471780715238065,24.80058738078435,20.384652012360604,4.025710271384398,3.7806646952169336,18.895901961366093,9.134141928647395,17.183829158741652,15.248090839739247,57.13364728140466,-57.00556135563164,49.213375376897645,27.57700868052387
36.71894017259561,-1.6955885735371368,22.01289264988049,14.311555615729661,20.54245790466959,19.604878694701085,4.901455581889697,4.549614256905593,24.228416376873724,19.359838890026197,4.380187305273923,4.093408286307926,18.831145297792915,9.316767120184323,16.35087776860771,14.519950238643903,52.64743206305671,-52.64302013962302,45.931352468281254,26.829023820214296
38.237500099569075,-0.9268836561175391,20.0254688483874,18.55303003094337,19.83980719968943,18.891758388845915,5.32106013374158,4.91852493883746,23.699189208141945,18.23340858794961,4.634920185485828,4.30955247716014,18.666934089057378,9.216177557642169,15.793816700521804,14.018800478229453,47.95658425478038,-47.6614029258391,43.120116608526565,26.353670796407503
39.45936073969662,-0.38113675442950523,17.5144091850106,23.91145658021598,20.03127677150661,18.76577861596239,5.112911160041962,4.722264816392262,23.447399018632723,17.614529787500828,4.818068446413458,4.468177886419657,18.401213250609032,8.961471103062124,15.354396674873545,13.61309251150269,42.757242100652405,-41.405059289553066,37.909839678351716,24.391193504792053
40.34285483613189,-0.0304607477786476,14.741960541138674,27.877817962663606,18.016368549104584,16.18380584906278,5.168449892275737,4.716072669442459,20.593606959256647,15.641527978012903,5.877966628725274,5.39169454520223,18.105390748518516,10.064376649157396,11.385226991993493,10.1297838232507,35.85064652767679,-30.727328198892337,31.445397333767307,21.981570474742195
40.6002618796943,-0.01786922391289636,13.899385327615088,28.82450928754709,16.715645330474473,14.588361277644495,5.459814411424652,4.94233978034626,19.509706653769854,15.023084601117446,5.180061281746723,4.7400079661569015,17.350045099941354,9.785996774202346,10.367537783787549,9.211280409714442,32.311259478171394,-20.877541510298215,27.176272837778164,20.361172848897304
40.10378817970346,-0.8649120887523054,13.068086278135546,29.11114291738814,15.804155725721415,13.323626191171115,5.300949712167058,4.771054439096904,18.4891576876974,14.0324332750792,4.57978685942217,4.174154838055278,15.956955169990493,8.596788262556487,9.444194290564395,8.343026783457567,31.179989276881145,-8.96788932611365,19.38270759825082,15.463000766583203
39.35250814206972,-1.8014203542671936,12.42860001157032,29.480750199176537,15.297776846394186,12.712111804816189,5.070278843415603,4.551534574338851,17.892947361866078,13.356327851377273,4.152561788796958,3.775197302516338,14.521798711809396,7.198202164155347,8.985813217509966,7.8771578481867035,31.273669688488297,-2.3182234343494486,12.816829631880333,10.56563455939227
38.419490883699694,-2.752214852299417,11.919003088968097,29.79125937339674,14.727791033314418,12.047333741223213,4.690635088289043,4.1998373260166035,17.272049486704645,12.69709892919127,3.6233053193053455,3.287195825419661,13.248047801877988,5.993378243239562,8.386449308195573,7.302893415311061,32.02288721509234,2.595700503275495,8.236817558888688,6.997645117321807
37.08399942389963,-4.151283859012338,11.787114276993721,29.330212648814936,14.093590287959955,11.290281332638202,4.162646339719368,3.716930605031241,16.508618018762462,12.06092579108352,3.02181322123858,2.7351994425604014,12.439262134910763,5.450526564612076,7.6056256141399965,6.60279853656081,32.977097694771516,5.129431613184394,5.701674171740069,4.93063710242121
36.132859370618775,-4.923494622825359,11.824743956583417,28.85755820168514,13.033825153033575,10.124875534148671,3.4250657443497436,3.0446439179440676,15.383737668893161,11.079210203512858,2.3480794756538366,2.1163145611816234,11.709176914021555,5.065126865843851,6.936072410472778,6.004988286127751,33.659384219831196,7.803837085180007,3.7031982232705323,3.2554112891467533
35.658242825409644,-4.929022794541368,12.644074220299267,28.394402832298276,12.662071119055781,9.729715927266014,3.2028765087383992,2.8409524252636045,14.688198158019759,10.522062070709708,2.0579777758988826,1.8485695925686596,11.155428524968869,4.727324362006556,6.492834438664639,5.609382198385191,34.16190415366313,9.630718755328331,3.0958358981171226,2.752699158200084
35.621257041889805,-4.89502199713624,12.645972652172109,28.345147642028813,12.417150203152858,9.476133136584991,3.054240025947759,2.705455488331296,14.336688201774876,10.179118450507005,1.9771530500403334,1.7716657093957542,10.884163976833179,4.48535370455761,6.28993393636259,5.426483985656324,34.64343432631793,10.992877656504092,2.8893988940751654,2.5910759537907353
35.359366922872255,-4.967776913233848,12.73151672570579,28.03455602691912,12.066276693838091,9.09401403641742,2.8524154679460367,2.521525226127773,14.053637214543869,9.884648458766065,1.8470939648296956,1.6519897773431926,10.566324599027354,4.151829578976503,6.06883300715444,5.225205027802487,35.39575663040637,12.804457893271689,2.9370555635747557,2.6651620972974546
34.90858076137445,-5.1916694315466,13.038149992651713,27.590059993062088,11.272537787452762,8.231662968380604,2.717093334118011,2.3891671712429203,13.666254923364647,9.765173761681439,1.6767500697904276,1.4972683062682968,10.444802896054028,4.1302779193753025,5.735656283474692,4.936196562825362,36.13749242578737,14.452259076940706,3.0753967224669276,2.8176947990607815
34.82018303451824,-5.1988437438873945,13.079307283454868,27.619254513505677,10.860421173516045,7.820918233215465,2.758701540159291,2.418971131463854,13.404563910590952,9.581088757187104,1.618799904568114,1.4436928759334364,10.40765868326531,4.2351287349169695,5.451292391105369,4.692288464254534,36.448529373612274,15.141840769450198,3.080316771595442,2.832353590065777
34.71284934541197,-5.196582788154672,13.008442423749838,27.58397563220335,10.205299465128746,7.159712409945627,2.8603722248393715,2.49741989318781,13.100571530654435,9.41676423564057,1.5861767147481303,1.4123468880768206,10.469967798389519,4.572756471342004,4.855674880419353,4.184085592550533,36.64714933726887,15.529996811229367,3.0921926358843534,2.849159623950215
34.44563499660737,-5.430978629727733,12.364527677420234,27.941043701615264,9.756797961030657,6.6319923994189764,2.8828695364220414,2.5094050959375163,12.765965529346886,9.41116472835931,1.5241117996419515,1.3557133900087281,10.988311755591837,5.8154861800245214,4.026619552377475,3.4881081595894723,36.24279581705969,13.282189096677413,2.720094730559015,2.484207717912593
34.31445601320968,-5.617072133259285,11.550235662163855,28.541595563878385,9.663381167954782,6.533731032895474,2.9050088155481206,2.5270032726413736,12.8289998127959,9.578762933831996,1.5054420026094624,1.3398894951206275,11.446549469843347,6.454549291444934,3.8514258528314294,3.3474700911428963,35.64840803364564,10.40564305633923,2.420599249037914,2.1849218682642078
34.10303996879364,-6.62551484271026,10.275250511966604,28.912151060300175,9.608270527558915,6.482441052400432,2.9528459201592825,2.5677055030744325,13.529943371236755,10.678652671727804,1.4634737598629841,1.3087887382782832,12.364562801238804,7.627177147852734,3.299602436808562,2.884288866232902,35.13602524443141,6.9927647915861115,2.8800818160348998,2.54803579975451
33.68710592517019,-8.79791277881705,8.560810085622979,29.358196846244194,9.66739713467905,6.580525732164915,3.0091741822254146,2.6181684422611378,14.933069790563792,12.523397213186314,1.3341935896862347,1.2027860167307258,13.512692403144257,8.460051873912448,2.872447667566038,2.524555937757886,34.387172571738176,4.1971680432594525,4.063043586124183,3.5349828330074957
33.36324125950759,-10.005237321396748,7.649524756433176,29.920819421321898,9.941275499553967,6.975129265025473,3.06423913780574,2.67154476960406,16.480085810342786,13.935650813011875,1.479874589755259,1.3463580576012941,14.290848588666563,9.45814274432972,2.9286224051828107,2.5905429557768667,33.81431070719097,2.826059090151091,4.711089810830997,4.0684805886256425
33.12805424703595,-10.72263568354802,6.8628937873951505,30.00144732683964,10.534329669406304,7.84649899583539,3.221098078926984,2.821898014477075,17.415417435452497,14.5511168154773,1.6650775585421842,1.520305569710075,15.426868135620936,11.208384761031283,3.073700149394635,2.7450116781956657,33.145119080978134,1.227116244980479,5.699884861773562,4.875868550845319
32.54906668576905,-12.13592354733332,5.917673206266067,30.182193216359643,11.074519733186861,8.613747601884356,3.6006441769448574,3.168790271673159,18.091193495937915,15.350559946528577,2.0605149814180836,1.8913546669448258,15.692978996486886,11.512043575110383,3.3752520719660066,3.0210506240714525,33.44904213364248,2.569807474282854,5.802525009003423,5.004500195065194
32.24735155502577,-13.115584656162156,5.194767530760067,30.28957591536439,11.854613536674805,9.700660134571052,3.632680093970212,3.2122103926331613,18.628756172373414,15.97840530887629,2.3635971606954267,2.175981853190076,18.527019617848367,14.823248076827909,4.507668198766515,4.117202148538146,32.703012080093856,0.07794641543921443,7.348712512712854,6.2416633829665376
31.94952726627642,-13.93129188200274,4.432066941404024,30.0613059624248,14.675137487210577,12.087809803328241,3.7935772709076625,3.3951102399916078,22.263582390651266,19.12787835599225,2.8894262901771643,2.703299321339043,21.16779629936218,17.844315548087167,5.576669389490919,5.163039387562365,31.905840130013416,-6.009461867637469,11.364632427257565,9.328284199434691
31.698797661729287,-14.411640275438344,4.617523332620865,29.45748274146004,21.926336392809134,19.471761173253256,3.99924307612249,3.71499567188739,23.77104923512246,20.498073830727293,3.3109710092149665,3.119110884624909,21.93263561042184,18.6539961914866,6.039463790730171,5.612579553303022,31.907454556284648,-10.227417192509876,14.113526724041872,11.320152171268058
31.595555155482742,-14.45980288649885,4.717988033753443,29.220492568277862,22.401083724845677,19.886944066055293,4.1622499671399344,3.873427529387187,24.160451865315025,20.966721837660828,3.1661314361036563,2.98672846625912,22.112806847098454,18.815445670001935,6.1807725272064395,5.748258125318777,31.925789676573828,-11.870563103029568,15.06286941300084,11.965336616684754
31.00662013690851,-13.587006843451007,5.665954430478312,28.25584806871858,22.048612903747767,19.870608576164997,4.538241813658196,4.222371401050693,24.867666800467504,22.448030175240817,3.260841463068931,3.09294989445591,22.63824342733335,19.230490728029338,6.8475359097434465,6.37850232659745,32.93950128698981,-20.788397130879204,20.882647315294477,15.689501314928146
30.580524036986617,-12.015108417837766,6.053578155452838,27.983597942961644,21.839340226666366,20.074611597012094,4.673571922800961,4.3524287057195,24.86190597295831,22.659581787377704,3.3780311582094042,3.2055879827737708,22.573067368722548,19.095325323321475,7.669392776722692,7.131794669957642,34.25299783163038,-24.486731116817182,23.50839900990731,17.246400460501064
30.33452061990772,-10.539337330687658,6.179718181622469,27.986711770655006,21.889095633847205,20.32499018202614,4.718757116736925,4.399765809955773,24.87910961021359,22.72651543218089,3.3861295102306737,3.2137150805181682,22.2221201757051,18.627503707489524,8.608800136236615,7.978614598346322,35.88311078806299,-28.501462606747324,26.343758548025992,18.80850366802014
30.240762389886157,-9.0041396111787,6.693441578247031,28.19718842370821,22.08902400294852,20.641892087291254,4.82367310207385,4.504560209785278,24.90327966863751,22.786226284177715,3.429318969682792,3.2552426972456567,21.46489755233401,17.56199336351017,9.751504550969727,8.985259925038235,38.7046201636617,-34.049405999838484,29.854086878125685,20.49679607584702
30.32624022678081,-7.67403339329482,7.500917081153272,28.465455234518423,22.526308582356165,21.2054223222338,4.949669648872319,4.635124732343741,24.912645541105462,22.799069600704726,3.4664275542348633,3.290492933727386,20.486585818364006,16.165324796866543,10.874821830660135,9.951162614885897,40.92665127954851,-37.944149801895875,32.65392693562154,21.752739689816547
30.274303727321353,-6.812662890138512,8.747002373943129,27.64219422823033,22.861550308367015,21.611372794876246,5.140426047137381,4.8237850335257635,24.776913695439163,22.634630940377434,3.770176149107023,3.574356508453717,19.869641142275896,15.259914052759953,11.538820118576556,10.512648692818363,43.303756758470286,-41.427908923656645,34.90055486496025,22.609182536756308
30.62690744953457,-5.182675583671255,12.647944610657284,26.465700044405786,23.365147573670384,22.240680972461348,5.601260459795804,5.273204022154574,24.875285973852954,22.588099548350684,4.348784508594301,4.12225900797867,18.788759496285337,13.462623157276312,13.075886352227768,11.811980780145525,49.868139672086926,-49.62844132793094,38.13467566743794,23.005798364049987
30.90176113661323,-5.033943662172987,13.617586475965224,25.217606237523523,23.505263054344965,22.431254343319694,5.859354355630271,5.521372801770619,24.903450191239557,22.406524103100054,4.927958660874358,4.667474413957861,18.434490209581924,12.853507681034401,13.64422090216178,12.290407909503424,52.153100342390516,-52.102121537176515,38.97706594537822,22.97772235693302
31.38295659148619,-4.375572110824777,14.838857018439946,23.785860451434033,23.697784744782183,22.7140898723175,6.211634609174618,5.860910603150783,24.979560755506327,22.41685332089999,5.0707751192143,4.8034231048421985,17.746046020735918,11.58568419197907,14.661407143210443,13.127272764642061,55.51346707246327,-55.49118650608557,40.21937973836246,22.9220667368451
32.012916463960266,-3.7680380934196194,16.70326969327666,22.086616808769417,23.79848613303841,22.85625000524486,6.411545201872069,6.05333823602601,24.908588278506073,22.296376289192068,5.259694974237418,4.979677307239183,17.13591195235105,10.402168812149995,15.613634614100121,13.899755032136698,57.4010850601433,-57.2819264783019,41.10961581718216,22.997251656681076
33.50325815923955,-2.2543951727387395,22.72770949999097,17.490662803095827,23.87134420338859,22.98579805584761,6.807043334599774,6.429645207011491,24.79954647860552,22.167746429183026,5.498297001632473,5.202271011743111,16.35916566507214,8.918121374021823,16.946400264588355,14.975076371515579,59.82948140913602,-59.461560212892664,42.195195874207855,23.0409736782629
34.414032441264965,-1.533303673760173,25.568612026505324,14.969364334132617,23.799897312356137,22.9660340864818,7.233159550823392,6.829638290002614,24.61612938700688,22.05946375253376,5.810664669810034,5.494394452912834,15.753390438175046,7.934869610590539,17.691579046232935,15.553944044354333,60.96859763248358,-60.44022494713002,42.82376838156413,23.118766291750575
36.05372626656563,-0.1004723122765796,28.073756526117158,11.585996285549568,23.63336408087872,22.857543898108048,7.994079247987754,7.541296772654718,23.92382240758934,21.460666637404756,6.58084131669479,6.201108051652681,15.081068530806363,6.807803834713482,18.642512881856355,16.295280266957462,62.20946485353856,-61.46033802378901,43.44467312842249,23.162449324807525
37.10827996692004,0.5463989642154274,30.588689923545086,8.508382857451181,23.327646423184888,22.573109669482918,8.466055220145549,7.973454335883449,23.136300589798253,20.412285521991365,7.737158157657442,7.252891666397718,14.916895579798165,6.482580514339517,18.947770407118472,16.53586968412129,62.67768784693399,-61.83009793475131,43.53598476944183,23.10416243416493
37.73111875007692,0.3892394821675822,34.394259356546506,2.0787695962097708,22.811193758381563,22.057534665226967,8.905355248695574,8.364166968522772,22.507955068448354,19.406363615088296,8.368569431170174,7.80932742374268,14.892560973127416,6.414271148992739,18.997649000777315,16.574599817521385,62.95194665924147,-62.04384517885899,43.46073915800805,23.00120534281747
38.006097540976214,0.2965147605646905,34.529962287979835,0.12274567488037423,21.650032152293704,20.92295068193272,9.694923946259731,9.051800980227274,21.83290029991872,18.45099834027002,9.116864583419712,8.469366109200104,14.994150830330057,6.563005487966592,18.80932990200248,16.424218598950926,62.80784966821709,-61.916251726902715,43.136219262101804,22.85817295353123
38.56514344208816,0.5771412598291761,33.519005282220974,1.867978552173679,19.863797080204222,19.18276145329763,10.329942521379227,9.561353448448639,21.551922840276035,17.989191207827233,9.306251408389889,8.628827037162901,15.366284732503885,7.1649723989664835,18.180997140443516,15.924368516433695,58.0529260351649,-57.81211042588805,40.738315664108484,22.58220961491923
39.6633805419024,1.0973084838990843,31.386543019229656,1.1013174044746454,18.92884498267435,18.238995533185758,10.781399891154678,9.93398220453293,20.888349254439532,16.966978927632866,9.403186763082934,8.678462362752438,15.585502808356267,7.430566116379694,17.779297622694415,15.59501755598622,51.24892272856897,-51.22539763151778,38.15673505067423,22.52432612385016
40.81857911402301,1.5836591143332015,28.42958011653146,2.531737200446277,18.96916995344435,18.238042748121075,10.840654618062436,9.988005765583383,20.041544518543617,15.019734740175835,10.168208492862941,9.296507273792411,15.575715139698929,7.3928152561705645,17.668946543505726,15.495892327739028,46.117519784087136,-45.65522756259284,35.53781478122959,22.048370838330776
42.09550284234638,2.1219618156138154,25.388755764096274,13.824479926014178,17.88326257729213,16.80783694476635,11.087622735310438,10.141929245192356,19.811072583326876,14.009294889643968,10.66427430459183,9.70672789247815,15.487935784097687,7.248686580397731,17.462086990599317,15.30450961951381,39.7064903609938,-37.502678511172405,30.968721477364127,20.553866555550744
42.8177062195503,2.360634239041687,22.115182240262254,24.169996520220874,14.430468024540488,13.176203356518045,11.418156309597395,10.259348092076829,16.70276247228952,12.185001196980238,11.036772571006276,9.942213435958076,15.060176478508538,6.947074595995218,16.618887624944133,14.542511892400892,34.42256605292758,-28.462216764521955,27.156751009719798,19.2949617874311
42.79230965692446,2.124177890616906,21.655369844041225,25.711625725126748,13.497212849312803,12.112113541495674,11.383184873390508,10.175264168167939,16.410999707149614,12.00156375203241,10.640309762378148,9.5778204437799,14.845422141524011,6.796383708268465,16.24126704588865,14.20025034102649,32.6627268179428,-23.95289362984252,25.29815143566261,18.55343733941499
42.675533481241104,1.8786473776515038,21.071345174445568,27.09266854913594,12.501616288963305,10.82330659514001,10.902085562858483,9.687083367870393,15.990495301343373,11.598948757114883,10.045718307818124,9.029073702081854,14.395103559830886,6.49483607759494,14.849382327624973,12.96265707371557,30.984573345529412,-16.148576133346353,22.038002900866807,17.00360539452842
42.28168104564949,1.365882766764983,20.332485756346976,27.875682891450516,11.61727578669209,9.672728863388272,10.236994807452543,9.048830986031389,15.284372995537211,10.95292189005933,9.105768551449255,8.164587920665337,13.593918218074833,6.115412393110333,12.666048769744728,11.03295717231404,29.706090510023472,-4.597101733082766,16.52347241225797,13.55864993989409
41.595519609616616,0.3246029044112362,19.749615569768153,28.36814475382059,11.218673036458938,9.172020341754802,9.84375414625461,8.68131818428966,15.083704276986111,10.727556991950124,8.78762260165965,7.872868558974618,12.8032418523336,5.88853341077656,11.285034369521737,9.811447201943617,29.491261896029187,0.09233947020595679,12.416811040778324,10.439651514164922
39.915292551236234,-1.871407906457904,19.784073045828976,29.143422707314137,10.492340591988608,8.183665809488161,8.880851811118747,7.799099753537444,13.884468948259666,9.579435881834726,7.078711880098726,6.31814373376152,11.53990255911009,6.233141763818651,9.828639703458775,8.538741404373706,30.29343700980823,5.491319448452543,7.842999428799267,6.804955357114626
39.34310426930364,-2.6481262804036447,19.43121242054673,29.55566314589149,10.138378207186236,7.628082099095508,8.198803213195614,7.185257167434603,12.868290620593541,8.746522162915426,5.740212879135556,5.109135119876572,11.077231696087523,6.543290165417886,8.821136708718216,7.667336916457284,30.92573018882561,6.96807363522727,6.622917083430499,5.797449576183409
38.9673606523304,-3.1337094722443624,19.235288466152955,29.712086595764813,9.978041491197672,7.3285186237595354,7.8172086899428805,6.843444541610161,12.470604207717344,8.418487462703624,5.212820435512131,4.634536930442552,10.909428113802335,6.616369149630799,8.298518006560503,7.213923378401311,31.240267280087835,7.546725710786717,6.098683387088937,5.356956632016388
38.76635949359954,-3.3572901664000483,19.12940662001534,29.749268436215093,9.897117578059152,7.171464831936817,7.6177475371463155,6.6649617579237095,12.287497550004701,8.276778710933556,4.960248290107354,4.407731381062352,10.838236429269699,6.624362830644387,8.008427437597215,6.96164313001552,31.369755899070356,7.802016976050439,5.817217758209858,5.117283174454424
38.437194628042306,-3.6776647819606723,18.6071832181144,29.8260096143,9.531817824727852,6.535471013284095,6.882033031177738,6.007196730411238,11.57386037095651,7.803185003489688,4.0653132489611865,3.6048434947187182,10.631535116549998,6.602995831201227,6.844999895903384,5.948842102003551,31.75302793862045,8.800212480144339,4.536970601222985,4.01076323609168
