<?xml version="1.0" encoding="UTF-8"?>
<mxfile host="www.draw.io" modified="2019-12-17T00:23:12.006Z" agent="Mozilla/5.0 (Windows NT 10.0; Win64; x64; rv:71.0) Gecko/20100101 Firefox/71.0" etag="S3uv60Jz-jIlteBz_6wN" version="12.4.2" type="device" pages="1">
  <diagram id="-gmhm5153kJ3cyr_P9Dy" name="Page-1">
    <mxGraphModel dx="1278" dy="575" grid="1" gridSize="10" guides="1" tooltips="1" connect="1" arrows="1" fold="1" page="1" pageScale="1" pageWidth="850" pageHeight="1100" math="0" shadow="0">
      <root>
        <mxCell id="0"/>
        <mxCell id="1" parent="0"/>
        <mxCell id="c3jA9ryS2ozcsh0HmhYt-1" value="Start" style="ellipse;whiteSpace=wrap;html=1;aspect=fixed;" vertex="1" parent="1">
          <mxGeometry x="240" y="40" width="80" height="80" as="geometry"/>
        </mxCell>
        <mxCell id="c3jA9ryS2ozcsh0HmhYt-2" value="&lt;div&gt;Pitstop&lt;/div&gt;" style="ellipse;whiteSpace=wrap;html=1;aspect=fixed;" vertex="1" parent="1">
          <mxGeometry x="120" y="160" width="80" height="80" as="geometry"/>
        </mxCell>
        <mxCell id="c3jA9ryS2ozcsh0HmhYt-3" value="End" style="ellipse;whiteSpace=wrap;html=1;aspect=fixed;" vertex="1" parent="1">
          <mxGeometry x="360" y="160" width="80" height="80" as="geometry"/>
        </mxCell>
        <mxCell id="c3jA9ryS2ozcsh0HmhYt-4" value="" style="endArrow=classic;html=1;exitX=0;exitY=1;exitDx=0;exitDy=0;entryX=1;entryY=0;entryDx=0;entryDy=0;" edge="1" parent="1" source="c3jA9ryS2ozcsh0HmhYt-1" target="c3jA9ryS2ozcsh0HmhYt-2">
          <mxGeometry width="50" height="50" relative="1" as="geometry">
            <mxPoint x="140" y="100" as="sourcePoint"/>
            <mxPoint x="190" y="50" as="targetPoint"/>
          </mxGeometry>
        </mxCell>
        <mxCell id="c3jA9ryS2ozcsh0HmhYt-5" value="" style="endArrow=classic;html=1;exitX=1;exitY=1;exitDx=0;exitDy=0;entryX=0;entryY=0;entryDx=0;entryDy=0;" edge="1" parent="1" source="c3jA9ryS2ozcsh0HmhYt-1" target="c3jA9ryS2ozcsh0HmhYt-3">
          <mxGeometry width="50" height="50" relative="1" as="geometry">
            <mxPoint x="410" y="130" as="sourcePoint"/>
            <mxPoint x="460" y="80" as="targetPoint"/>
          </mxGeometry>
        </mxCell>
        <mxCell id="c3jA9ryS2ozcsh0HmhYt-6" value="" style="endArrow=classic;html=1;exitX=1;exitY=0.5;exitDx=0;exitDy=0;entryX=0;entryY=0.5;entryDx=0;entryDy=0;" edge="1" parent="1" source="c3jA9ryS2ozcsh0HmhYt-2" target="c3jA9ryS2ozcsh0HmhYt-3">
          <mxGeometry width="50" height="50" relative="1" as="geometry">
            <mxPoint x="230" y="340" as="sourcePoint"/>
            <mxPoint x="280" y="290" as="targetPoint"/>
          </mxGeometry>
        </mxCell>
        <mxCell id="c3jA9ryS2ozcsh0HmhYt-8" value="&lt;div&gt;Inaccessible&lt;/div&gt;" style="ellipse;whiteSpace=wrap;html=1;aspect=fixed;" vertex="1" parent="1">
          <mxGeometry x="590" y="50" width="80" height="80" as="geometry"/>
        </mxCell>
      </root>
    </mxGraphModel>
  </diagram>
</mxfile>
